,A,B,C,D
2000-01-01,-1.4378596550180844,0.24172401337402846,-0.16138477183334882,0.060644118124205504
2000-01-02,-3.072476390460036,0.6441659177133237,0.7234850237350392,0.3413664646436489
2000-01-03,-1.188919709011674,1.6673317929256635,-1.0711892893560426,-0.2701297616388532
2000-01-04,-0.7983783483865192,0.7427653506311038,0.5529891973530312,0.025182453929733284
2000-01-05,-0.14512924485956524,0.31819012698179,0.810445811943203,-0.03364154482929918
2000-01-06,-2.413391479709999,0.23993046800633003,1.1480413177792963,-1.6475988821961671
2000-01-07,-2.6125682841185927,-0.3721193444476194,2.3131563136074957,-2.050341074336264
2000-01-08,-2.8563631993056156,-0.02814296279348938,3.133581973691502,-1.352429562415399
2000-01-09,-3.2072893583986315,0.6992988688240389,2.891189364937106,-2.005900000416622
2000-01-10,-3.1661191949844434,1.179944625345792,2.3008363662019344,-2.7233916866409444
2000-01-11,-2.7764751511213372,-0.7406279950785923,-0.372250923939228,-1.8688359726300754
2000-01-12,-3.7561783239808784,-0.3820499931341465,-0.5463039106631955,-2.763983155427758
2000-01-13,-3.0478257438631893,-1.547894234547101,-1.7798058415448503,-2.716805401141127
2000-01-14,-2.909009742304619,-1.2521847715853909,-2.312870491263884,-1.6012643011543655
2000-01-15,-2.601280555034585,0.750353005529409,-3.4077330638499825,-1.8684313263282162
2000-01-16,-2.2694174190366976,0.2742524458590965,-5.303911205223355,-1.4891490291633698
2000-01-17,-2.2277396693450315,0.8971252673787664,-5.21933782833971,-3.913649023906547
2000-01-18,-2.8065467478442834,0.6782050332819654,-4.263464973902077,-4.220069379950054
2000-01-19,-1.8797530817877268,1.389582290560106,-6.002794123169817,-2.839963057583155
2000-01-20,-2.8651263889816563,1.0505736197268731,-5.515102216565808,-2.6534013841720667
2000-01-21,-3.7874913441739304,1.083399214434172,-4.002397519724363,-3.3562292087915253
2000-01-22,-3.624370368001958,0.6567749522564785,-3.075926000889563,-3.207300236146095
2000-01-23,-4.623236401675571,-0.5891236948409835,-2.522498789632822,-2.39204189798463
2000-01-24,-4.466977537266607,-0.9037759700726262,-0.9538000264461011,-2.595158931690777
2000-01-25,-3.775198833991238,-1.159472326236475,-1.5837486502058522,-2.4782923007354127
2000-01-26,-3.7459941161385926,-0.6884139548890906,-1.6783974600505884,-2.1253855275152036
2000-01-27,-3.464234737805675,-2.569086749916335,-0.7328677222321605,-1.378225996047168
2000-01-28,-2.0015349952755104,-2.513503276650564,-0.858840438357122,-0.9063882339936151
2000-01-29,-2.0152960996029905,-2.9397905822299246,0.49361130454459623,1.2768915751822922
2000-01-30,-2.811203990055689,-3.966483730544435,-1.1786827983996822,2.0224858024595083
2000-01-31,-1.1040610417370578,-3.842393730307297,0.23137380214109604,1.8396758510474815
2000-02-01,-0.7162011244137061,-2.093068916461105,0.1950325159899705,1.8150195585585738
2000-02-02,-0.9926364927102682,-2.3804345600921617,-0.35630738214126134,2.4054205095015035
2000-02-03,1.0560076831694882,-1.3446466058702642,0.15510456713381648,1.6263772434739732
2000-02-04,0.9419918440377326,-2.4759642536695776,0.6131742883222454,1.7099653642430412
2000-02-05,-0.8971799098769762,-0.9632803480044811,-2.234307496446497,2.4439456273749096
2000-02-06,0.24317148103159636,-2.255669301191621,-2.861327144225922,1.7408493506966087
2000-02-07,-0.8152230685327677,-3.155004817207155,-3.2088609425736445,1.1888463226200878
2000-02-08,-0.3394817489366289,-3.303002430090421,-3.8727520912287217,1.0930163504830215
2000-02-09,-0.20574388283771386,-3.5052755245639937,-3.4369336925877643,1.9756069171568542
2000-02-10,-0.37236116618978143,-4.157339688461244,-4.211337294069605,2.3044263021311564
2000-02-11,-1.0689396835270408,-4.991241171221007,-3.141210056935116,1.2913447121294994
2000-02-12,-0.5273827898318374,-4.139778157727844,-4.097141249131875,1.3483601929344924
2000-02-13,1.2512518172445128,-4.39156103971619,-3.23988378233123,-1.7682923628182219
2000-02-14,0.4118673030636497,-2.4481391669599537,-1.6288536907375921,-1.3262895611611751
2000-02-15,0.49488335470439226,-2.2180896496950773,-1.8196908020220046,-1.4747252449915893
2000-02-16,0.04647805914168396,-1.4950635512647497,-1.6690476527581943,-0.6371565039323668
2000-02-17,-0.02982839416506726,-0.4210977895861281,-1.8333865413368893,0.5776627009527355
2000-02-18,0.11382462445723356,-0.36404822427722056,-2.877255371911123,1.0526663462350236
2000-02-19,-0.35470319491376523,-0.9290957844112293,-4.441719434077378,-0.6206623540003837
2000-02-20,-1.2466884504333313,-0.8656447283999351,-3.1094280167188035,-1.547274881962616
2000-02-21,-2.71992697520008,0.6237229946555889,-3.411514288426473,-3.6537928946742184
2000-02-22,-3.9606635062176854,1.984882915656896,-4.629856691690472,-3.051416001311898
2000-02-23,-1.5580402342456208,0.15974682681016472,-6.293302798793322,-4.813920780368071
2000-02-24,-2.693735562602475,-0.8258761188449498,-6.787217844215054,-4.914702457513416
2000-02-25,-0.8023344199750746,-1.7490909129197352,-7.853177746258895,-3.8719715551873155
2000-02-26,0.802054969180914,-3.70225915162955,-6.652658857069746,-3.1905470596777845
2000-02-27,0.5832996271633633,-0.8708317365631277,-7.425356904436721,-3.9749685938850723
2000-02-28,0.30168747712925487,-0.10923488765816858,-6.878791578129225,-4.267825138380913
2000-02-29,-0.4568082626595567,-0.8890533569668823,-8.362487226869511,-2.854353472108061
2000-03-01,0.1293675887041425,-0.6233361762961434,-6.974396083560364,-1.6375480145763137
2000-03-02,1.9937088481901408,0.3347646640815596,-6.641510928379044,-1.72577514938638
2000-03-03,2.5203676403155155,0.9399409317840773,-6.546112960235875,-2.735886030485747
2000-03-04,0.9558142392698865,0.016455424679227226,-6.076088858426286,-2.631551764173341
2000-03-05,1.2943274638257085,-1.9535266566848621,-4.107687502085526,-1.2998386371163673
2000-03-06,-0.7997884176068544,-2.195250742443651,-3.3342746129927985,-2.092293450190909
2000-03-07,0.5895290251527829,-2.344034115798524,-3.0451560223142424,-2.606200775725978
2000-03-08,0.062407095904095544,-0.6817965366293535,-1.6414427328081176,-3.5501305764911617
2000-03-09,0.2952723494452899,-1.2909809914750578,-1.6753405463636588,-4.528008588024635
2000-03-10,1.211760604519005,-1.943703568365309,-2.2010834661230883,-5.710044178574463
2000-03-11,0.22059354803417575,-3.255592724072265,-2.267299396166951,-5.2012996658439405
2000-03-12,-0.7898375133995464,-2.426066190907643,-3.0186604524475382,-3.5700269562106883
2000-03-13,-1.426702252604283,-2.270139265081089,-2.0521077600485054,-4.019795149340661
2000-03-14,0.7621910123689597,-1.7284504737396809,-3.4756800244019512,-4.01102853664791
2000-03-15,1.018853700188115,-0.9117599830801337,-3.032484950195014,-4.460391900532976
2000-03-16,0.9259245500942271,-1.359818135789169,-3.0145258047935743,-4.331765414644338
2000-03-17,2.1232062981614086,-2.2806960163352423,-1.9067497995058953,-5.181063365020603
2000-03-18,1.8316112695620186,-2.7204755470670987,-1.4417859269686397,-4.638977684116852
2000-03-19,0.7457296241911875,-2.3825548901524907,-1.808956100954935,-4.937818447671776
2000-03-20,1.0559688316377787,-2.845333691944248,-2.4582864029010176,-5.5597565844727
2000-03-21,1.3692724700279306,-0.9519836812592075,-3.0612032360579953,-4.8210178554693055
2000-03-22,1.250125358504849,-1.7288753508742492,-2.7166393500715045,-3.311614182127037
2000-03-23,0.96035073146992,-1.8941519978543226,-1.079960144614138,-1.9689427255471994
2000-03-24,-0.6730420188848913,-2.547584257976515,-0.40372307445132927,-0.9346741878872948
2000-03-25,-2.8351905573044514,-1.5809154316275142,-1.1707159314700029,-1.2180092592682479
2000-03-26,-2.536302157612281,-1.7522975772396543,-2.1975514174112494,-2.052571535366006
2000-03-27,-2.0199808485066097,-2.2744054422833724,-1.9160881513064514,-1.0522099385673236
2000-03-28,-2.8026592925776006,-2.645000672309857,-2.919238665316838,-1.2865153193404713
2000-03-29,-2.8663605370814405,-3.135316153134009,-3.153575972974391,-0.8835833734008224
2000-03-30,-2.5026806660063805,-2.514618801843935,-3.4177634127534824,-1.3029716395005158
2000-03-31,-3.744582274475464,-2.444701603027964,-4.916329936696552,-2.189344522807133
2000-04-01,-5.033601693446297,-2.657101447418599,-3.6182093902527606,-3.095017950103933
2000-04-02,-4.591441872084638,-4.298269295902207,-3.8672209471218575,-1.5834709187658533
2000-04-03,-4.913097173916272,-5.635228021716818,-3.173530701778571,-1.2263892838689125
2000-04-04,-5.6863858611677855,-6.386029775466441,-2.848131885410473,-2.2876297511402233
2000-04-05,-5.702402984354567,-8.877555226254046,-0.6861430026811446,-2.1777854536142556
2000-04-06,-4.997967598770022,-6.362898273666749,-3.27130128666731,-2.492294700992551
2000-04-07,-5.388950352836446,-6.132901043587011,-2.177310054582331,-0.7258869565459853
2000-04-08,-6.430403983142164,-4.41182724761583,-0.7053181727827347,-1.714045840410651
2000-04-09,-7.3918414837578394,-3.494531012374477,-0.9956111263107327,-2.2195990991334256
2000-04-10,-5.868478095257162,-3.1802810855940518,-2.8492511558239464,-1.7694608407106958
2000-04-11,-6.533610724430073,-3.5524573162916395,-2.5726948657390585,-1.4621812485464838
2000-04-12,-6.266316690695858,-2.7263847900927822,-3.3965288537563554,-3.3106759960388574
2000-04-13,-6.625180681606617,-3.035788725492258,-2.2005724739120174,-3.521916673299038
2000-04-14,-7.359797010356046,-3.4048324922001805,-2.1369308766798074,-2.1284323774333638
2000-04-15,-8.950027495304196,-2.660132969328508,-2.067705795324533,-0.016066289525365818
2000-04-16,-8.22828230958946,-2.92494562659071,-1.5877632650108886,-1.1775339951911028
2000-04-17,-9.744489635199413,-5.8177120953352075,-1.4265256672807975,-2.2143179011975818
2000-04-18,-9.8456347774815,-6.97960055985509,-2.076057664905268,0.5127540474724577
2000-04-19,-8.19610713013664,-8.441564920068146,0.17937897510289513,1.0503153809999377
2000-04-20,-7.379324461194736,-8.115538257980491,0.48710448180789584,2.125563023888583
2000-04-21,-6.778330502979345,-7.756766186214791,-0.5303107121255881,1.0849638500826726
2000-04-22,-7.17150329568077,-7.453240212215111,-0.6752020660852911,0.2966258325962089
2000-04-23,-5.9479029192126465,-6.08126175287336,-0.019333486432457248,1.8309979023628342
2000-04-24,-5.064323291945453,-5.040754513760982,1.9493418149549446,0.5330967369726685
2000-04-25,-5.651327299631723,-6.6422126795787575,2.140947708114767,0.30198432978308715
2000-04-26,-6.230078894728794,-6.991599358640026,2.598109054511063,-0.08307038358273106
2000-04-27,-5.954650069639441,-8.605706912147713,3.7482813120024554,1.3956917192716374
2000-04-28,-5.833389104367722,-10.504960925795972,5.033786844788334,1.130318247562727
2000-04-29,-7.353924255796298,-9.49487467856767,5.605595811117334,1.4509565844483654
2000-04-30,-8.262879784012092,-10.078520572887957,5.2761061224802654,2.3569316400779607
2000-05-01,-9.179057558397139,-10.891038848663113,4.608213998900883,1.7586966462836657
2000-05-02,-7.980587700841432,-11.639535086713654,5.285315655254864,0.8785297423054307
2000-05-03,-7.915766132358609,-13.406137648740444,6.210973918009652,2.2713687479513194
2000-05-04,-8.765270252382363,-14.864004553755633,7.270164936828456,1.7598370122310685
2000-05-05,-9.414771759003447,-14.281233151123963,7.3255135712667805,2.365890167969668
2000-05-06,-9.735315384151377,-13.868502600361449,8.279025199842286,2.9393321928677976
2000-05-07,-10.660262376691293,-13.817292747842675,8.027219100600972,2.8574781382067793
2000-05-08,-11.092881915791947,-13.127476690162696,7.910386070188512,2.5366244798547406
2000-05-09,-11.419150495412083,-14.0209478885137,8.355307826425317,4.589009460048906
2000-05-10,-11.29214427171642,-14.875852973503411,9.340020799222062,4.265784960925016
2000-05-11,-8.771225811168495,-16.673995829296263,10.16032554678876,4.613097480951357
2000-05-12,-9.262938011209302,-17.67097211568281,10.43344027370085,2.8608909971252023
2000-05-13,-8.522008209990911,-17.555138348617305,8.279088394921448,2.040634077705356
2000-05-14,-10.148091692207206,-18.718862354406188,8.665098773181928,4.205851115999814
2000-05-15,-10.064400242370473,-19.534528442376086,10.550321982131031,1.8661244791207787
2000-05-16,-10.555598771101856,-19.76317530892855,10.299309455284716,0.4984013852357665
2000-05-17,-10.861841404409553,-19.456121895464797,10.6586156426882,-0.2697466076272581
2000-05-18,-12.781335311152503,-21.40386040453647,10.22884902812946,-0.3709262017875113
2000-05-19,-13.51876969035116,-21.395914719530378,10.007516755240896,-0.5001057462914048
2000-05-20,-12.002943240322255,-21.991774695185914,10.62665812173812,-1.6956028746257936
2000-05-21,-10.422509054138247,-22.885544280373736,9.974023690947371,-2.2242854804123016
2000-05-22,-9.194199730866941,-21.926810347269008,8.57803064383166,-3.12819628915645
2000-05-23,-7.687438452756992,-21.05039210672069,7.0823585751595015,-1.15629660775426
2000-05-24,-7.1297899188718326,-21.737251071962117,5.938389707781754,-0.3172014846051846
2000-05-25,-7.155177653358914,-21.844090718609777,5.566294180489236,-0.01995050737871562
2000-05-26,-6.9105026041085065,-20.874576310118087,5.5497236398764045,0.4939091572736799
2000-05-27,-7.57104454528249,-21.555310775872,6.141519108613493,1.1906659637063823
2000-05-28,-8.861111674103482,-22.39012800112759,6.523178950037174,1.8463480439905897
2000-05-29,-8.31288089282265,-21.997800414932325,6.015652469647476,3.0310863324327366
2000-05-30,-8.61743698375249,-22.221056810209365,5.753865385323486,2.2734161335808394
2000-05-31,-9.185146441098706,-23.902551005622282,4.8001968392115835,2.3213244981625114
2000-06-01,-8.347806933703927,-24.405847964571954,4.961811539153785,2.8619525813712587
2000-06-02,-8.662617681072913,-24.248071241444208,5.177705019249895,4.168216910912854
2000-06-03,-9.195940231056198,-23.391670512819303,4.442868578876917,4.429639486495492
2000-06-04,-9.083688925873007,-23.232783570750858,4.401744130094841,3.130713525497046
2000-06-05,-10.577890609636604,-22.372422036917715,4.421704519992731,2.53795388911162
2000-06-06,-10.634007509297568,-23.15561372237307,5.647624728991193,2.3540396251430993
2000-06-07,-11.007079929616328,-23.623523773162056,6.435904910727035,2.0940975638528947
2000-06-08,-10.107250466876332,-23.143842239152512,8.020741549564613,0.9513891855754504
2000-06-09,-8.428568433232638,-22.877522542734244,7.806052295767698,3.1486065257733666
2000-06-10,-9.61954573375126,-23.451061003122007,6.132543271910877,4.788197592128469
2000-06-11,-9.793437454179553,-22.99493576392842,7.0148156006019775,4.947712315812959
2000-06-12,-9.239792900557166,-22.589276070576773,6.847732940422319,6.061964907804024
2000-06-13,-7.864352869279159,-24.57030607756804,5.222425672381007,4.638621712843406
2000-06-14,-7.765245304498597,-23.91770942888316,5.482662989546076,4.13020911440691
2000-06-15,-7.55465675265799,-23.61958478228975,5.891404666035738,4.46380504206294
2000-06-16,-7.795356011428336,-22.89889836742941,6.1747393351941895,4.69336955153756
2000-06-17,-7.629209898860952,-24.47462360409489,6.395448555243214,5.459899805535119
2000-06-18,-8.124491731127375,-24.229269374635546,5.696557307792593,5.927718531374768
2000-06-19,-9.575260965533658,-24.414300110940125,6.731404573893422,4.127122166934575
2000-06-20,-8.724713388201138,-25.232587630358825,5.921334937714275,3.197294940414402
2000-06-21,-10.102948475616106,-24.611750627937624,6.095767852998235,2.850316466763019
2000-06-22,-10.357434271554931,-26.548649506533515,6.639654077208512,1.8130211229575515
2000-06-23,-12.712889674885087,-26.14499217715193,9.068399444890002,2.643676017167889
2000-06-24,-12.330219695002338,-25.737366442394013,8.761325798858952,1.9653081553408958
2000-06-25,-12.974655650560502,-26.226334851416624,8.567246117500986,3.0978142207121593
2000-06-26,-12.781678147626128,-25.734815449199804,9.794993718812172,2.536317704972084
2000-06-27,-14.206628642412454,-23.317002083430914,8.9126700449222,3.8328498545191696
2000-06-28,-15.980478001719376,-20.978495109731416,7.197760230212799,3.439426605519353
2000-06-29,-15.755486591583328,-18.414456059817123,6.8432708252937795,2.216229654539632
2000-06-30,-15.88208716571214,-19.66010667568143,5.43658650582425,0.05898767428990359
2000-07-01,-15.250518725076704,-19.65568379158345,5.920368892179466,1.0858682929282517
2000-07-02,-16.381283904755414,-17.668604927110223,7.700279157747978,1.5348170517252182
2000-07-03,-19.762357737457247,-19.624333903736957,7.127763161809751,1.1629588033739269
2000-07-04,-19.504118381359838,-19.477789730793923,6.953297432600812,0.6860628602075605
2000-07-05,-20.738369260348314,-19.968584894692302,5.7126317428040405,0.1985485647818423
2000-07-06,-21.453517418054258,-19.797077306078183,5.147482835811592,0.4019332335387569
2000-07-07,-19.946857252982575,-21.40053117692457,3.692858548193946,0.11280979816962783
2000-07-08,-21.155857037918796,-21.70412676047327,4.35011439135217,-1.3070517350550894
2000-07-09,-20.727947752344587,-20.53431757783204,4.505352237721513,-2.5126541633932193
2000-07-10,-20.163941236113768,-21.916010690189434,3.1735022313576406,-3.8335293242520834
2000-07-11,-21.333440071734195,-21.876354606292054,3.948504101383061,-3.005449571899381
2000-07-12,-21.62309500200381,-22.225558819932065,4.591223267485405,-4.015720091198456
2000-07-13,-22.134493827016797,-21.151776560447534,6.597614867867412,-4.862048930942192
2000-07-14,-24.045700858643897,-21.104612079993863,5.249746273142558,-6.1008869555818706
2000-07-15,-24.87547376472265,-19.55432200851773,4.92786892538788,-6.044596682624717
2000-07-16,-25.32748937466609,-21.11174246471055,5.6589098361038435,-5.645292639091679
2000-07-17,-24.7108104133233,-20.77132471191037,6.172588932558536,-4.056512089691684
2000-07-18,-25.497124579538518,-19.87359375337336,5.720731197886278,-4.169847806642236
2000-07-19,-26.584046092839703,-20.671563293053286,5.381315684764498,-5.699045065044542
2000-07-20,-27.420285967783972,-20.5833345654968,5.2461509799284,-5.902586793098982
2000-07-21,-26.19210561910201,-21.550770607960796,4.899264757842724,-5.872925205162999
2000-07-22,-27.405955878258613,-21.23383501470381,3.9616883877792812,-6.79407057102777
2000-07-23,-27.31785561755406,-21.0547978529397,2.695167516377012,-6.336894733605414
2000-07-24,-26.647545035341846,-20.51940693889965,0.9450223119129089,-6.3535641598118175
2000-07-25,-27.765232088211192,-20.042183743249293,-0.2507388865964695,-6.595474421889263
2000-07-26,-25.514644820946057,-19.649950432706806,-0.33451609601845034,-6.117015972738785
2000-07-27,-25.512638963659455,-18.2223273355539,-2.133664402788102,-5.504065800524044
2000-07-28,-26.273241709761944,-17.853706277735835,-2.194351769340965,-5.864181177163331
2000-07-29,-26.111096361188483,-17.200932996103635,-2.4792472022166576,-7.058266703642762
2000-07-30,-26.669586292758616,-17.635598947518396,-2.0980630659569486,-6.913640765127247
2000-07-31,-27.760111374450567,-18.386436004810037,-2.160999439536066,-6.388280938506407
2000-08-01,-28.003967701795947,-18.566198893612036,-2.4748512403542127,-7.843610612134039
2000-08-02,-28.75589462765697,-17.575917139340987,-1.0136650979945696,-8.48526713325413
2000-08-03,-28.343241252147934,-18.423916739069387,-0.004987592287939213,-8.956581228707433
2000-08-04,-27.976352799651664,-19.928566060931793,-0.3985576241595239,-7.095821618146263
2000-08-05,-28.987009170233467,-21.133123746958788,-0.3835655539821183,-7.835385978574743
2000-08-06,-29.3502186080248,-22.634748787238486,0.006312139721613763,-5.325382285438204
2000-08-07,-27.59340948643477,-21.53959230648507,0.06351347462043982,-4.404596713226983
2000-08-08,-26.996853021719886,-19.94931260690209,-1.5528181255563958,-2.3051337928239644
2000-08-09,-27.178698252106535,-21.91422371735146,-2.06263841427762,-1.3611768654473186
2000-08-10,-28.379069654907234,-22.28475925916819,-1.9243082111160683,-1.1770862027680957
2000-08-11,-28.564006199995898,-23.983605741767175,0.09716184646678117,-2.4168866657483696
2000-08-12,-28.976387421394755,-22.973449304568508,1.9131011025476008,-2.3773468854031936
2000-08-13,-30.24707950776912,-22.71555918753369,2.638901244099305,-1.7828925040526653
2000-08-14,-30.493430260982446,-22.302332170957936,4.253567644947589,-0.9171492952483583
2000-08-15,-29.76501948135428,-23.04444146899874,1.838141602808275,-0.9494126379660213
2000-08-16,-30.010676003125738,-22.05546144140878,0.9652874446772786,-2.058937242693264
2000-08-17,-31.158630857489566,-20.92978509967616,-1.4092252908819605,0.6907772351105117
2000-08-18,-31.191620123482057,-19.31923315121643,-1.9407299443479546,-0.2814422150330709
2000-08-19,-32.21155356957382,-17.591697751943446,-2.094796281410661,0.21977888540767088
2000-08-20,-33.54172115604015,-18.499640100262933,-1.707609502397221,-0.016486022682024343
2000-08-21,-33.14995639291422,-16.751119630354236,-1.486790807468929,-1.4628510093472782
2000-08-22,-33.07147069355239,-17.260109260544468,-1.4847654279799973,-2.8227123347230654
2000-08-23,-33.00188484980174,-17.20471115055763,-2.8999738070897987,-1.9373590035819954
2000-08-24,-34.296729527554234,-15.991551983328934,-1.3914693762763009,-1.9961717743409664
2000-08-25,-32.8398555294919,-15.857581763155466,-2.0239528332676042,-2.978219607479305
2000-08-26,-30.90254203858115,-14.824638835370722,-2.954503604905191,-4.310187418110897
2000-08-27,-32.15861014963194,-13.696107997903988,-2.519650794089638,-4.657430206334409
2000-08-28,-32.161244924481984,-12.291264088429251,-3.692352113683783,-5.172268866496726
2000-08-29,-34.376455811464574,-13.292315235405503,-2.155552642888344,-5.519578918024953
2000-08-30,-34.47884525547918,-12.799462453490497,-4.592348807679936,-6.252559282508948
2000-08-31,-35.21963877237443,-13.195129142267325,-3.356188615899594,-6.862978519592905
2000-09-01,-36.08313508718669,-13.045764303178707,-3.591344323785536,-5.516585555784512
2000-09-02,-35.37105907598738,-12.42566568225523,-3.0895733473913993,-6.08907693747521
2000-09-03,-34.55613430057707,-12.534074858414291,-2.1141429172422113,-6.464380782409022
2000-09-04,-35.89384684877904,-11.45319584275512,-3.0428656522099082,-6.389289822039486
2000-09-05,-35.09670268085904,-11.938669045515821,-3.896197094319195,-4.252028888939748
2000-09-06,-34.17913415254763,-11.812863241550145,-3.7912257944385197,-4.546880977452012
2000-09-07,-35.21796651112212,-10.735190377035444,-3.4009739898936653,-3.0011376177936198
2000-09-08,-34.5822650168522,-9.901557090719265,-3.2840460892621453,-2.9066289436134163
2000-09-09,-35.78510464941878,-11.010149884310362,-1.9129855073188793,-1.374725196754032
2000-09-10,-34.668606704291385,-10.013653804910913,-2.670427647681439,-1.547256990818832
2000-09-11,-34.28135343236173,-9.43835632562315,-2.8686160366362468,1.6003553851707604
2000-09-12,-35.532845880576915,-9.306261445606077,-1.2398966085945973,0.24580298743866424
2000-09-13,-35.34639458314168,-8.011811857250166,-1.5501450025329453,-0.7188768562249309
2000-09-14,-35.98683935939008,-9.18344898264151,-2.1239704872570773,-1.098587816552276
2000-09-15,-36.478964647110196,-10.019518549555123,-0.9913389884611521,-1.3564287374349933
2000-09-16,-36.033163966648566,-11.350780247929482,-0.8352406769241223,-0.9460445870067804
2000-09-17,-35.84371054241989,-9.865194293031662,-0.19265486371982832,-0.8573576157159457
2000-09-18,-34.98288424656325,-11.561172546964066,0.7036899183601439,-1.590901629275126
2000-09-19,-33.98517400675057,-11.3363940738092,0.4888430760507142,-0.8151222290718764
2000-09-20,-34.87619706078829,-9.430417264768534,-0.0974117824592261,-1.574735681506417
2000-09-21,-34.28403812419851,-11.154813228530372,1.7133763379202485,-0.8466836330267843
2000-09-22,-32.89869413290134,-8.607456306627224,0.7454882379613857,-1.496748537648993
2000-09-23,-34.578629441705154,-8.77222749161969,0.012662935289211918,-2.0643329441062637
2000-09-24,-33.807078106493044,-7.335677871672387,-0.5084500739150426,-3.189284360427677
2000-09-25,-33.75753295545645,-6.2711245728041565,0.15001273081505073,-2.595082589878324
2000-09-26,-33.60277154690011,-5.891709968502402,-0.8760239615505836,-2.8935871748449813
2000-09-27,-34.322304636125374,-5.579991986513657,-1.0328634716628013,-4.442910952886917
2000-09-28,-36.78062475931012,-6.639621647819855,-1.2967300928790098,-2.7884330279505845
2000-09-29,-37.32693224827615,-6.301134636581674,-1.327336125755491,-0.9013954280239254
2000-09-30,-37.50373010946313,-5.623517013536493,-2.7489303720499354,-0.5248249367540856
2000-10-01,-37.8765017349185,-5.595125852828765,-3.468016851264626,-0.8383642808276484
2000-10-02,-37.029101221468416,-7.161577853292314,-5.900119924503485,-1.0199596610993933
2000-10-03,-37.47490551161874,-7.235473569753133,-4.548062135182621,-0.7587323721822462
2000-10-04,-37.23033432067181,-7.999298598779662,-5.727063893546798,-1.6610483751193015
2000-10-05,-37.25332376003676,-8.963647944538263,-7.049015703856657,-2.7976651737500875
2000-10-06,-37.966965324172875,-8.416669973710999,-7.225957798165285,-2.7253046547437236
2000-10-07,-38.23010356507115,-8.405606349577777,-8.23031197349863,-4.584475591771182
2000-10-08,-37.846502042843646,-7.720331388924606,-9.828776438248733,-4.305518197354958
2000-10-09,-39.02681786021942,-7.138355857946187,-9.131927161054492,-3.956253463633085
2000-10-10,-36.95770370818888,-7.17611517139121,-9.65617215781838,-4.037161266594067
2000-10-11,-36.892420528124006,-7.501227978589115,-10.029278050391609,-3.645850357218673
2000-10-12,-38.709825648567076,-9.116435983997109,-8.903946478590804,-3.6687952357426505
2000-10-13,-37.671356628278986,-9.070003828672165,-8.695754098693582,-3.118244026558199
2000-10-14,-36.41411871585634,-9.828310960883725,-6.148831880100064,-2.42811061744755
2000-10-15,-35.24859875318063,-9.791652555263687,-7.099375680695669,-1.8020469753907826
2000-10-16,-34.37270022351425,-10.002015483104227,-7.013177578403576,-1.8084407983862443
2000-10-17,-34.60522591704774,-9.657143402935832,-7.215317952607442,-2.48640645736995
2000-10-18,-34.84744014968353,-6.913317298912314,-6.094849869735285,-2.7151490797752964
2000-10-19,-35.601134461425076,-6.990522457442457,-5.320946184339416,-3.660099660360453
2000-10-20,-36.05260818414069,-7.881476075329768,-6.351214751632694,-2.986311507398347
2000-10-21,-37.23171914373967,-7.625567988080231,-6.303928943149382,-4.413635134905193
2000-10-22,-38.31190321789316,-8.403080431641284,-7.032368867175822,-4.465316896407382
2000-10-23,-37.98255031684457,-8.728250775877505,-7.012803359892276,-4.583485164907667
2000-10-24,-38.83931430219754,-9.256295366673761,-7.121352119849613,-5.252169489153092
2000-10-25,-39.33907081415667,-8.373126959510678,-8.169599124671574,-4.766319947481919
2000-10-26,-40.3763733806466,-8.667397189288076,-7.419286857924742,-5.010290934904184
2000-10-27,-40.34721540167927,-9.623257162967274,-7.13788378707836,-5.940988175442914
2000-10-28,-38.6169133897328,-10.357014236138353,-9.053608120735188,-6.641391840713068
2000-10-29,-40.00015084541721,-10.754701667447167,-9.369077482381394,-6.859052449329599
2000-10-30,-43.18160794264522,-11.850567094210032,-9.261184026368213,-6.7231546869339445
2000-10-31,-43.9240261413129,-13.800092900852484,-9.93249815678798,-5.952631145869787
2000-11-01,-44.5366407910934,-14.81488073043302,-9.673027828390952,-4.644010406461126
2000-11-02,-44.79107679400845,-15.753795625402695,-10.77614217537376,-4.732285451457494
2000-11-03,-45.55648616546956,-14.010141597773918,-11.554199717472754,-5.465657169848048
2000-11-04,-46.81722269639403,-13.481319202890791,-11.925181348536805,-5.767801691697656
2000-11-05,-47.092528107673495,-13.123898955590365,-12.795842233149255,-5.212673733092973
2000-11-06,-48.03667385685961,-11.792031778758854,-11.289747553024092,-6.17109981711576
2000-11-07,-49.04479492636507,-11.714595217467734,-10.253008205737524,-7.297751930878449
2000-11-08,-48.62090255748218,-11.613768571811681,-8.819009830617638,-8.512445858798534
2000-11-09,-49.26600664878383,-11.635444714536762,-9.953623834516995,-7.140610735216423
2000-11-10,-49.540954718194776,-12.038413481165342,-10.095986868200098,-5.9779539150656
2000-11-11,-48.45362079050659,-11.17680369668012,-8.347485090071421,-7.911661619597862
2000-11-12,-49.53152690031492,-11.24867477554741,-5.829810935891147,-8.003626672383206
2000-11-13,-48.26333115299818,-9.164895260456928,-3.383468908711026,-8.610759675318567
2000-11-14,-48.220564260596596,-9.575238322343576,-4.916795390345854,-7.836308963238181
2000-11-15,-48.59925601785411,-8.912863196868571,-5.339881890591414,-7.578823771505396
2000-11-16,-48.663379309309654,-10.397785313894666,-4.66162004644208,-6.971664467221624
2000-11-17,-48.15472012240398,-11.838727873817895,-4.7689673460647475,-6.839271729625308
2000-11-18,-48.74052661490939,-12.814188130331862,-3.6816107785576033,-6.143807470838118
2000-11-19,-49.54700595236648,-14.812445559970813,-3.45179721525458,-5.927595455309234
2000-11-20,-50.36651618023665,-14.036281777782708,-3.571817597515404,-6.679788001583609
2000-11-21,-48.812025386951746,-13.963506471005333,-2.879259205240573,-6.979012914144406
2000-11-22,-48.930294171416186,-13.09170061643483,-3.225089971803361,-6.807362202327183
2000-11-23,-46.762971044757,-13.894479006143216,-4.400218083067745,-7.518116954972502
2000-11-24,-45.81001431506091,-13.672417419111268,-2.6918997530922004,-6.140322629075981
2000-11-25,-46.49804107811458,-11.252861002419188,-2.1940038234537798,-6.105182973974436
2000-11-26,-46.08731805064421,-11.811742168317293,-3.040814981833358,-7.70307795505758
2000-11-27,-46.50765831491721,-11.861679025218525,-4.239058041480967,-6.241328651975996
2000-11-28,-45.05307312648975,-12.765005806452194,-4.547527874560532,-8.399856347162034
2000-11-29,-44.266058323561744,-12.623188497717573,-2.9339483536452464,-8.609988974432135
2000-11-30,-44.88137034901589,-12.817304728053308,-2.419098445914171,-8.013167637499883
2000-12-01,-45.280400925190655,-15.594548060582856,-2.1566793920334297,-8.202242881422793
2000-12-02,-46.822169756363635,-14.16097991209467,-2.6886413231309803,-6.359956405917255
2000-12-03,-44.19507539966703,-13.20030976522712,-4.681479296064996,-7.306453219956188
2000-12-04,-45.916957738512,-13.352901007029033,-5.4160186967478605,-9.049020694307641
2000-12-05,-46.55062106445076,-14.102911237908428,-6.5104598452713365,-9.74821266022041
2000-12-06,-44.39655678749695,-14.213865403262536,-7.650785836229823,-9.590039733489194
2000-12-07,-46.00959669846039,-15.163745951391407,-7.469786634503764,-9.227110085098603
2000-12-08,-45.61295204690215,-13.9400821336823,-8.040531276840156,-9.25416179812227
2000-12-09,-45.42939653463034,-13.29812864032076,-6.388482937109983,-8.30222049355455
2000-12-10,-45.482794906768596,-13.443041740586068,-5.815416699500581,-7.243705889807683
2000-12-11,-45.01759320242203,-12.467585199203334,-4.800900383693512,-6.902146901454179
2000-12-12,-44.67226471606266,-13.222273231918125,-4.983158614158622,-5.689287468450816
2000-12-13,-43.310434291828265,-15.124772287621806,-5.572604999047037,-6.314953547140026
2000-12-14,-42.106082608803234,-13.90897686753435,-5.489472421159505,-7.382878329750941
2000-12-15,-42.486653772831176,-14.356827139876284,-5.094846192954837,-7.450758804043671
2000-12-16,-42.410764995828195,-13.837513703052508,-5.000980695407174,-8.708394452721308
2000-12-17,-43.96563908098039,-13.024917255291482,-4.743748853003816,-7.7787588308186075
2000-12-18,-45.09696829636601,-10.865872382449526,-5.294538958468461,-8.147485899440401
2000-12-19,-44.72039163235098,-11.21082774606253,-7.201985204103184,-7.69434600405927
2000-12-20,-43.89617769548365,-10.190156931201198,-6.965781194493851,-6.112218153532312
2000-12-21,-42.207185588099875,-9.284910598281403,-6.410068776224183,-4.52856607384488
2000-12-22,-43.07889414248577,-8.558476654583107,-7.9561169044587015,-4.615603312702141
2000-12-23,-42.01029080427362,-7.145822947353445,-7.389169334511194,-3.463095738793924
2000-12-24,-42.54511287145569,-5.954573346531022,-5.808920629095409,-3.2397683931326355
2000-12-25,-41.21234375876626,-7.6525823558560955,-5.06376442333413,-3.035570660068322
2000-12-26,-41.1932874632988,-7.023661353865097,-6.205429604606545,-3.37462418998103
2000-12-27,-41.55430410911686,-7.093840238595656,-6.542829213741463,-4.7898787672988234
2000-12-28,-40.89386181306275,-7.327829363475999,-5.968416430889653,-4.4934794368587
2000-12-29,-39.4212669750109,-7.96621874289622,-7.477914800780772,-3.1150604109056417
2000-12-30,-39.69512505746494,-6.816834040725812,-7.900972465754056,-2.9847446577656305
2000-12-31,-38.411373578833434,-7.613474006266971,-8.282496220582344,-0.9536968933646492
2001-01-01,-38.46016622187845,-8.235696424233613,-6.331000934454616,-2.376661846701992
2001-01-02,-39.762974422525915,-8.35916308496862,-6.202674121227031,-1.5611352048954057
2001-01-03,-39.770753732806526,-8.220593859716947,-7.225008904588777,-0.035757393817513305
2001-01-04,-39.30125112063055,-8.490219955526939,-7.031205511695682,1.2971923202495912
2001-01-05,-40.04026392460221,-9.02766360125158,-6.391780177795163,1.486335255332841
2001-01-06,-40.78956895748401,-10.372841392547125,-7.132000884273695,1.8310532635605692
2001-01-07,-40.44656783116473,-10.2137377701264,-4.9289571432499635,1.1582778733190917
2001-01-08,-42.97511437875653,-10.323681543470817,-3.780773410181446,0.7524764934048723
2001-01-09,-42.17328363239067,-11.00502678271703,-3.0777512443647597,0.21115746366684385
2001-01-10,-42.174902621913304,-10.463428333415283,-0.738206350755557,-0.9827867118564657
2001-01-11,-40.5786032864894,-11.2273371023877,1.3360437697355612,-1.8022646750881348
2001-01-12,-40.629821184567994,-10.89668500727944,1.9074779023741228,-2.057193510842018
2001-01-13,-39.96303474966191,-10.180594458272964,2.362833016269691,-0.05688611741943905
2001-01-14,-38.33898300245163,-9.615301840930771,0.6886308649789878,-0.29791852942573194
2001-01-15,-36.965051424517604,-9.01786794968642,0.7446813182220422,0.293713803847112
2001-01-16,-37.11596883148774,-8.205092752816768,1.4956972600707488,-0.3273596741907492
2001-01-17,-36.49392541829261,-8.762758877520708,2.9823885666345338,-0.4226491153885041
2001-01-18,-36.7179573778955,-9.362213812563134,3.7397183616932255,-1.093835394448062
2001-01-19,-36.905765509003544,-9.901281036273192,3.095673924445854,-1.2808558503361709
2001-01-20,-37.694367761528305,-8.80019002254035,1.9914730599726407,-2.80088206253916
2001-01-21,-39.12207941638249,-9.16682143682481,2.4217356428129415,-2.851409064152368
2001-01-22,-40.557863863657744,-8.305364472213181,4.3135777648690325,-4.141649279670271
2001-01-23,-40.30793817361385,-7.04690059430259,4.836215925313586,-3.242915171361603
2001-01-24,-40.22683261989215,-7.050265384813349,5.864301151749771,-1.9908448519264637
2001-01-25,-38.405749853524426,-7.508173770000386,5.856623647071718,-1.865890733213603
2001-01-26,-38.29643450694954,-7.0085177657923285,5.464188285180748,-2.14125884005646
2001-01-27,-38.35837233049843,-7.7420711037790895,6.330867893319889,-2.8377109103478255
2001-01-28,-38.298174219308876,-7.62664406518687,6.3112536920151,-3.6687204616305618
2001-01-29,-39.527022420621165,-7.795589013628844,7.067917977430293,-2.8515848790294065
2001-01-30,-40.44627465537087,-8.75788108065451,7.353332217585901,-2.999106588047152
2001-01-31,-38.299556762529754,-9.246536509176924,5.989093687744068,-2.898512348911086
2001-02-01,-35.882435234252654,-9.037443371411305,5.7686531994414185,-4.976277938335496
2001-02-02,-35.294409487152315,-8.100400616751683,7.099164414690451,-2.901917837216884
2001-02-03,-35.49323102934888,-8.85662649670622,6.767148568523728,-3.4943693187978453
2001-02-04,-35.76127271182866,-9.016260368954699,6.134030425234233,-2.6630043699912136
2001-02-05,-35.81338688940473,-9.645108490064613,3.9100656524761037,-1.796629353974971
2001-02-06,-35.04514893045901,-9.052795808425318,4.5695475199870135,-2.263367406545261
2001-02-07,-34.679645834529964,-8.618956313626475,4.472217295588034,-4.056452830366927
2001-02-08,-34.027868607229145,-7.36641522385067,3.6734793457419785,-5.107464512719579
2001-02-09,-34.695446784576745,-8.791264100265074,4.214568075887802,-6.34455881875998
2001-02-10,-35.07117983040762,-10.204170562238822,3.3445553168718574,-6.020475997453633
2001-02-11,-36.31403079616658,-9.220963391144924,4.159970874189336,-5.079200624517702
2001-02-12,-36.91989350934219,-8.80277640169822,3.7073465754567883,-5.249275973045645
2001-02-13,-37.34393336985524,-8.319624634426882,3.04035636181337,-4.247396554326695
2001-02-14,-37.4480458946441,-10.415209841120966,3.0505848751936613,-4.773298850318178
2001-02-15,-36.73978964746737,-10.713655778344028,2.1106937841115823,-3.6296016846012087
2001-02-16,-37.419506730682876,-9.044403189629094,3.381931577844804,-3.274131980280678
2001-02-17,-36.08052015948407,-9.420166334432576,4.165561494372741,-1.616398377457088
2001-02-18,-34.59507944612212,-9.237257474771575,5.501411460227711,-2.835187485444536
2001-02-19,-32.7377440199756,-8.776285438787076,6.048836876646466,-2.1965935185243897
2001-02-20,-31.70871612263969,-9.701308786376257,5.625949253178947,-0.21186208083762104
2001-02-21,-32.19714796385328,-10.760884640584608,6.276373556425414,-0.5098095770945281
2001-02-22,-35.240991177209686,-10.336813137660496,6.833975009080152,-1.1303138129573158
2001-02-23,-36.23044549748554,-11.368599374978308,6.612267932714681,-0.49750931271713816
2001-02-24,-34.81175098626295,-11.030129190887399,6.324283700730432,-0.38076691020348724
2001-02-25,-34.858524743348056,-10.908093150289705,7.841461961070227,0.7258766233783123
2001-02-26,-37.16062814925779,-13.549715287178357,8.256699781304452,0.4950913726642392
2001-02-27,-37.52220747162005,-13.177993130816617,8.517387069213193,1.4694564797899166
2001-02-28,-37.733768346928926,-12.364399390530659,8.134164562775709,1.1619244360256595
2001-03-01,-38.476555996666676,-12.519957393951822,7.608178048839858,-0.12277056330141733
2001-03-02,-38.10499141285676,-14.272275509653195,8.427716902873827,1.6082745739611553
2001-03-03,-37.852955381544405,-13.009089727078427,8.855800826438951,1.3931907946077453
2001-03-04,-38.38767477883098,-11.952197520893067,9.527876178623472,2.5322957885714663
2001-03-05,-37.11857647399516,-12.410293987160777,8.691872640960533,1.9096243606212693
2001-03-06,-37.58281784735345,-9.686301812221167,8.019121580423537,2.616646035637071
2001-03-07,-37.624951833414535,-10.084234478659145,8.796268230477489,3.005745578770639
2001-03-08,-37.622466451743996,-10.470084291553405,9.402446599262163,4.196760011434674
2001-03-09,-39.85168765344568,-9.28393253254001,9.939754025563456,3.878517125041674
2001-03-10,-41.57969460437156,-10.260803836739045,9.597299575454441,2.7284742434858176
2001-03-11,-41.18077388186515,-11.90787110207373,10.62325806021931,2.0918231331290507
2001-03-12,-40.51697840569407,-13.031816777279554,10.737160788391034,3.4025516927262034
2001-03-13,-40.07987738687886,-12.806470994240508,9.08459020293302,2.4417281849042833
2001-03-14,-38.44375398039535,-12.50271298694135,7.66744766542118,2.8327186538820777
2001-03-15,-38.06782365560976,-12.153548220370674,7.665588344644155,2.543811438146075
2001-03-16,-38.11126017035377,-10.67301252365582,8.358120866848921,2.2734445354707473
2001-03-17,-37.36463497059761,-10.679862396749726,8.271397009705852,2.5710451078132275
2001-03-18,-38.28245433645277,-10.514691429912382,8.36252703412582,2.53321681564593
2001-03-19,-37.349095761914015,-12.044735258947382,9.008209001954054,3.0734675158763816
2001-03-20,-37.55142566430958,-11.250328238353022,9.213523936865053,2.555338631202368
2001-03-21,-38.627954806659375,-10.861042314987412,10.913400096216899,2.3497580891361967
2001-03-22,-36.967833245270484,-11.78391547481348,10.675638577046973,3.600835265387219
2001-03-23,-36.61150234477812,-13.793920947047198,12.423904162607375,2.9886515490715233
2001-03-24,-36.865335902757025,-15.054628403268412,11.887491482486237,1.6167186944587584
2001-03-25,-37.642266655665516,-16.185232127879885,9.806263908585057,0.7813752798960657
2001-03-26,-36.344377595272036,-15.92591317827036,9.124931030171027,2.0332837773172927
2001-03-27,-34.80466994171723,-16.690739730445717,9.805913132675983,3.044984740536814
2001-03-28,-34.299754145590605,-15.995792589394899,10.137088749776698,4.482994762689515
2001-03-29,-33.42590867420184,-14.098674001709874,10.274557276229357,3.25466931416164
2001-03-30,-32.86772070527566,-13.543226916619156,10.83054027813076,5.1033955476504556
2001-03-31,-31.771905760113896,-14.280151324512493,11.253602693040962,4.872255854891406
2001-04-01,-32.41237600804867,-12.659829939239996,11.636046708816878,3.126238898795685
2001-04-02,-30.525006970475783,-12.784530646215039,10.35552907202734,5.25362223562939
2001-04-03,-30.68957056430924,-13.305998531175899,9.631400207007946,5.645942130605564
2001-04-04,-29.666280501345984,-12.667790636775374,9.06117475248541,4.889382761411358
2001-04-05,-29.669229476937538,-12.800988727930248,11.37583829782528,3.262845811434274
2001-04-06,-31.249962135246438,-12.705963803194773,12.499759204430829,4.749423868304668
2001-04-07,-32.542692396604295,-12.318450721465142,12.639033152993433,4.867255655452669
2001-04-08,-33.34076565263485,-11.295652958613136,13.82099721485033,4.227884818637274
2001-04-09,-31.611689561244013,-11.448311949899239,13.082379710444359,6.529881834562335
2001-04-10,-31.8036302558961,-10.377369924540103,14.696536230674237,7.2032107002181744
2001-04-11,-32.05698953562026,-11.436700005889193,14.379510897760317,6.6366881631883565
2001-04-12,-31.955081872314857,-11.600599988967282,15.002561624899956,7.013274394320465
2001-04-13,-33.61867716450743,-13.295783414453078,15.416932057069527,5.838173086855588
2001-04-14,-34.94902266562082,-12.443497516709737,15.04340257879998,6.582120851066152
2001-04-15,-34.855112371378,-12.478161164362968,14.481527757341693,5.570900042407528
2001-04-16,-35.4137869605002,-12.047566879150978,15.518219657903558,6.332814830819879
2001-04-17,-35.026596057694626,-12.261521530666148,15.178053262599526,5.150515366897854
2001-04-18,-35.51152352762898,-14.4873116047432,16.45286302046061,3.6165231078913216
2001-04-19,-35.839095011121096,-15.076484419293482,14.802123009514759,3.731713599695841
2001-04-20,-35.4752962768035,-13.796224234496421,17.34923980557965,2.12166686577502
2001-04-21,-34.54152927615936,-14.1533624477189,16.36794727062369,2.3754100118169195
2001-04-22,-34.228131183369385,-14.200507215848448,17.073899832175712,2.1994476311294693
2001-04-23,-32.20299216189861,-15.784486983250225,17.766900849979056,3.125800727042021
2001-04-24,-31.628615976135382,-15.276483695217738,17.3705529698525,2.390578277277339
2001-04-25,-31.89580780768416,-14.196342100062555,19.673786067502512,3.0523804062358275
2001-04-26,-32.210994382685584,-15.37409678333565,18.91414468809375,3.8341856828624943
2001-04-27,-32.54257282530491,-15.761789375692551,17.711422335993213,5.307898754874429
2001-04-28,-34.02786685269722,-16.527198071853714,17.35652410434098,3.3535694318448446
2001-04-29,-36.04599023285349,-17.27954411748272,17.0944221678717,4.078094783147389
2001-04-30,-36.74723339810401,-17.60127497039765,15.924472956951355,3.726649478651553
2001-05-01,-36.4428251472849,-16.389089791308592,17.76077931767398,2.767044547699174
2001-05-02,-35.21161696573077,-15.957907047923213,16.892364892777778,1.5997891151881656
2001-05-03,-35.95606160052843,-15.14907644190713,15.301244314827736,0.7856482579206243
2001-05-04,-36.5706751876827,-14.971894478941293,16.097356440153455,1.4805017002440366
2001-05-05,-37.05512746029541,-12.862296201080984,15.32958806913191,2.0434413097291495
2001-05-06,-36.993120091369875,-13.255215075297837,14.17818630914691,3.166818688636586
2001-05-07,-37.90289527150579,-13.94998280945753,13.951697405284936,2.6365094404012406
2001-05-08,-39.01595986386077,-14.039307637263242,14.446814355864687,2.55267884829305
2001-05-09,-37.85344694466624,-13.909994143651158,15.378937435479905,0.7920798206120618
2001-05-10,-37.85249108697379,-13.1550319768804,14.901744277146932,2.3073682594100298
2001-05-11,-37.480597764727996,-13.849553999503602,16.965234765592996,2.029982010518799
2001-05-12,-38.403795433710165,-14.17481607142505,16.927956993530085,0.17445300585338752
2001-05-13,-40.49487044920304,-15.760844335565057,16.900112750248002,-0.3219759501418106
2001-05-14,-39.8589994231647,-15.97308247341269,18.256264963437832,-0.21441680943561428
2001-05-15,-41.414280005434854,-13.2620669558626,19.962935765586636,-1.5998408461516578
2001-05-16,-41.70906518717451,-12.744437340424065,18.904282596536934,-2.3408513510657256
2001-05-17,-40.14798448443935,-14.831478130860772,18.95243282352695,-2.2084048918658055
2001-05-18,-38.94470118721035,-13.961161011082055,18.19050098941823,-2.2844053730366434
2001-05-19,-37.35681264472575,-14.710599753959178,18.141766863636953,-1.9804560984906021
2001-05-20,-36.03973052632257,-14.324127429274597,18.62710294391575,-1.5758047503150048
2001-05-21,-34.71484345511011,-14.186822735559879,19.46510009066497,-2.7024447148421773
2001-05-22,-34.04545479257291,-14.647410034040693,18.406443134624027,-1.198126865064411
2001-05-23,-34.03166603054211,-16.4036919807017,18.820512231644294,-1.5187063474087723
2001-05-24,-33.70404628510154,-15.794204003124907,20.325930001223757,-1.9097662646097193
2001-05-25,-34.37740870786557,-15.435768809180695,21.178240106176062,-0.6324321803485882
2001-05-26,-34.62489739924495,-13.93245482356004,21.394507914804734,-2.553494138100149
2001-05-27,-33.446503580364734,-13.427303136850762,21.90980158012434,-0.8710698091701421
2001-05-28,-33.83496468898484,-13.308183876577656,21.373067866645336,-1.7050413099590758
2001-05-29,-34.58733557846635,-14.137848443311048,20.525111531398714,-0.9751042612827504
2001-05-30,-35.38817952193516,-13.468190739711005,20.293333930647083,-1.8346227778744417
2001-05-31,-36.838094199950056,-13.147663159142109,18.799727133832143,-1.3397502978445723
2001-06-01,-37.12467321000302,-14.27118327672055,18.414293288684096,-2.787627911001321
2001-06-02,-38.71652389938265,-14.465856405945436,18.046980016888533,-3.564395670461034
2001-06-03,-37.4750735092414,-14.93122785557579,19.344242430980007,-3.8607979718496606
2001-06-04,-39.311274744446365,-14.447841493175098,18.766457658341064,-4.143095008520513
2001-06-05,-38.547813534002685,-14.675634105878723,18.750729996119926,-5.807320626650254
2001-06-06,-39.64531709925323,-16.347521869215747,19.048079396769865,-7.544559770580618
2001-06-07,-37.77956311532854,-15.837577316019617,17.99943573087798,-7.341808625624451
2001-06-08,-37.068208773490696,-16.459570256112443,18.587263181890254,-8.798608130890091
2001-06-09,-38.389537000435745,-15.422314200798688,20.582265699771142,-10.70915017567018
2001-06-10,-38.715589079465275,-16.756788666958887,18.94836948572169,-9.691441324806961
2001-06-11,-38.406422589909056,-16.9708922922499,19.716769732801353,-9.390815437093945
2001-06-12,-41.20413307691583,-18.04084295671456,19.251657713428088,-9.59095438297872
2001-06-13,-39.85962273900678,-17.280281805003437,19.403639176325683,-10.945779202218693
2001-06-14,-41.03855585068709,-16.987145402752127,21.301353342332927,-11.363124885277092
2001-06-15,-39.58434588191556,-16.266073626766328,21.368723320636942,-11.606898365708208
2001-06-16,-40.5931295001907,-15.964980340950113,21.31052987718017,-11.330735572945425
2001-06-17,-40.98238351668797,-15.72200794697941,23.333981338236374,-13.133457832932235
2001-06-18,-43.19012375874009,-15.122830954099665,24.269495238061836,-12.62889572832118
2001-06-19,-44.72168379412711,-15.472852808438262,26.15563206812604,-12.797372265871463
2001-06-20,-44.23557408278823,-14.520895059990542,25.83843428123775,-13.456185706690956
2001-06-21,-43.026236552300134,-14.742243030197042,25.529867314563514,-15.775202017940687
2001-06-22,-43.00844575814505,-14.465941043456993,25.110471969446582,-16.594905249753285
2001-06-23,-43.668462606568376,-14.03852801909784,25.3436540992832,-17.415245630907553
2001-06-24,-44.35502942114825,-13.38714416860895,25.661042723393688,-18.643633316412313
2001-06-25,-45.0089478036247,-14.549391364440933,25.066765255503423,-20.761329300653415
2001-06-26,-44.28057116845438,-15.267283169033508,27.206472665380428,-19.592589511072944
2001-06-27,-43.42796384165685,-15.110915620955492,26.33066305180774,-19.753389983483473
2001-06-28,-42.38625979586604,-13.061338917956004,28.138547234784124,-21.019190331088808
2001-06-29,-41.84157626651469,-14.027701076825045,27.902926528106374,-20.047070804542138
2001-06-30,-42.10835913510377,-13.978624509845487,30.294493382323076,-20.29169487546539
2001-07-01,-43.51020477358832,-12.349430293197074,31.20762536140239,-19.139530765412108
2001-07-02,-44.30425455460677,-11.510806464114836,32.64193287907417,-19.345803431342464
2001-07-03,-43.73226424638423,-10.4592556630944,33.062276855865434,-20.152406925923792
2001-07-04,-45.22181415158691,-11.123881057099632,33.638304655311345,-19.083225651865384
2001-07-05,-45.22822655843501,-10.803334713879039,34.300113239503794,-17.533988650100508
2001-07-06,-45.086679497740434,-11.08791286158265,34.205261731554806,-17.821937758702724
2001-07-07,-45.86716619758283,-9.961110631464098,32.9756613165738,-17.26784937441404
2001-07-08,-48.56430214286751,-10.37442544382523,31.545384956481335,-16.859388083504207
2001-07-09,-47.629390958853584,-12.129661107068058,32.92712438573629,-18.03681151766211
2001-07-10,-47.12702356263334,-10.5212057857733,32.40385463120325,-17.83607242574291
2001-07-11,-47.28685722545277,-11.767417620400495,32.78409751714398,-17.409900189114808
2001-07-12,-45.629946967294835,-11.655043557827089,31.704995966906502,-17.48391150724903
2001-07-13,-42.67533464819557,-12.29635804370208,33.19686025475789,-16.313795295950072
2001-07-14,-44.08704486886633,-10.659019666939935,32.99485021624202,-16.835784371185134
2001-07-15,-45.72347475999801,-9.187612476633657,33.85630618489674,-15.582603136848363
2001-07-16,-43.391125122197394,-9.69287148064588,32.85388907738606,-16.34875565756491
2001-07-17,-44.642833177728775,-8.627819993906096,31.400760984892404,-14.660253477337935
2001-07-18,-44.433689218113514,-8.569829545824948,32.482899584399,-14.159584543185876
2001-07-19,-43.203856663629246,-9.42063788224777,32.12669817759002,-15.645053828464546
2001-07-20,-43.50639555320129,-9.050187076371747,31.0056433651376,-15.578560927388263
2001-07-21,-41.18235709962004,-9.986029476681706,30.032618468616594,-16.474840293546002
2001-07-22,-42.287830611167905,-9.584390620605026,30.561320541369895,-17.570565281604576
2001-07-23,-41.95242401189338,-9.301854044545216,30.08611037296568,-18.242411050217918
2001-07-24,-42.56191015198736,-9.509501424087365,30.364647795280106,-17.876676977090675
2001-07-25,-41.59233735573909,-9.720253247468671,30.120200565816813,-17.071810045072606
2001-07-26,-42.26886921917317,-10.105708546380741,29.745228645103676,-17.192638916043233
2001-07-27,-42.36092824565449,-11.843066181546876,30.472858860025102,-14.66684862402138
2001-07-28,-46.116626571061474,-11.454108574266094,30.30854403378755,-13.303393602340234
2001-07-29,-46.52393870747535,-12.056047906472376,29.922934994448557,-11.28411026558698
2001-07-30,-47.03985611696177,-12.67258873399105,31.12921896498821,-12.198577933967847
2001-07-31,-46.34766962875118,-12.796450658231722,30.709378649379516,-9.746283754287145
2001-08-01,-45.90775948453856,-11.888183702217828,30.675103347953705,-10.909429007157252
2001-08-02,-45.6361757287964,-11.441000874221743,29.699230401558957,-11.56194680459694
2001-08-03,-43.90260482329159,-11.519612731306095,28.711184252714446,-11.978728353651643
2001-08-04,-42.742000103871916,-12.32325675846652,28.405283988186582,-12.539281774872926
2001-08-05,-43.309272344551296,-13.162234014164374,27.253006199322577,-14.750780962667662
2001-08-06,-43.989080592753446,-13.10439721214918,27.765440764882282,-14.746424139285793
2001-08-07,-44.19444220692824,-16.242931431222928,27.912355036069155,-14.89535100708763
2001-08-08,-42.96883217693307,-12.977875391608448,28.184807580148046,-14.46870132141453
2001-08-09,-41.76057627347711,-15.280919782661481,28.787606027555363,-13.425626779232966
2001-08-10,-42.58988660404149,-15.98389140373062,28.808960785328342,-13.710666460969474
2001-08-11,-42.63465023197347,-16.830868099870347,28.32816037998826,-13.70756995858563
2001-08-12,-42.85025026337223,-15.5770732730111,29.217658506208537,-14.125002074311414
2001-08-13,-42.432212032898924,-15.23509133967079,28.480626074277684,-14.272084625543352
2001-08-14,-41.82626154509024,-15.007519386866287,29.043751677703685,-13.414296584346282
2001-08-15,-40.30985768211748,-17.50982278529602,30.846060562448994,-13.027685880834545
2001-08-16,-39.31278870992338,-18.06976403913931,31.93349546217982,-12.764276862486305
2001-08-17,-38.332737368184866,-17.485360181105328,31.66856957983566,-13.163120241361502
2001-08-18,-38.705152284750824,-18.60271601215212,31.71117298922221,-14.159052222732086
2001-08-19,-39.40751379059521,-18.66799068897187,32.74075989529465,-14.174371659436499
2001-08-20,-39.81875005952863,-19.02167472939734,32.42558069067839,-14.435883352353288
2001-08-21,-40.57879016251461,-18.649363401163598,31.569439344028172,-14.66447370730285
2001-08-22,-38.85966056956119,-18.838589147739146,29.948756732478532,-13.113231828510457
2001-08-23,-38.57899322857397,-19.377845157054193,30.27244895525338,-12.57135705867417
2001-08-24,-38.413949726266914,-19.631655694983742,31.098424148636763,-12.324827961900317
2001-08-25,-37.19813910782636,-18.942502989454724,29.79577971883077,-13.288108861946915
2001-08-26,-36.77599631712499,-19.83437003892431,29.848315431121915,-13.882538589090624
2001-08-27,-36.28147554865075,-20.332874272021964,28.55574836988016,-14.097230994467825
2001-08-28,-36.644282033366856,-21.159038098369294,28.909855221004587,-13.657534854643444
2001-08-29,-34.714294807089104,-21.09846349812016,29.226869408186477,-15.495802851560224
2001-08-30,-34.793603480714836,-20.969132596014504,29.731353077430054,-16.24359123604586
2001-08-31,-35.34352367075384,-21.325789596046466,28.63340373947551,-15.77691379136416
2001-09-01,-34.80105871846919,-22.733959739685012,27.78439922610402,-14.251146491696534
2001-09-02,-35.598209849183114,-22.459755999338768,27.650196497694523,-15.506728889150235
2001-09-03,-33.585161572268056,-23.204239504643546,28.731786931199938,-14.52772974841946
2001-09-04,-31.81847183786754,-23.28928478737454,29.80835955695567,-14.843898502645656
2001-09-05,-32.94249695889565,-22.372784293622534,32.91332370504557,-14.902576016701547
2001-09-06,-31.441939442912904,-23.773671933571926,33.90942241870348,-16.48062877316773
2001-09-07,-31.7863596407909,-23.86690479335517,32.6488423008444,-16.19902760654468
2001-09-08,-31.301108346504282,-22.971374624661244,32.92495544782319,-16.725742847791615
2001-09-09,-31.760634287298068,-21.700917677819206,32.786932964414994,-16.625986155898293
2001-09-10,-32.082522908390004,-19.271913272485797,35.62835836903592,-18.668334479885477
2001-09-11,-30.4297681197094,-19.76169408066223,34.657193686088384,-18.163836738153027
2001-09-12,-30.65035586191862,-18.8211648281482,33.89576875560207,-17.25137910207451
2001-09-13,-31.527132134594158,-16.280803361926033,32.48240060175041,-17.584929296192648
2001-09-14,-31.578292672226734,-17.674183822319932,31.872426037942123,-18.05588195091545
2001-09-15,-31.67674679865499,-17.49907381877789,30.451499089072897,-17.75581189459448
2001-09-16,-31.84454862245013,-16.9770470717391,31.86252426947099,-17.77179823595786
2001-09-17,-33.02123725755194,-16.918485138698568,31.36789620373708,-19.442632393896947
2001-09-18,-33.26162579006287,-19.058586716554796,32.73185113280829,-18.56985818271628
2001-09-19,-33.289192475243865,-22.227083503731677,33.693884495939784,-17.405612940753265
2001-09-20,-34.14514290600579,-22.865313997926254,34.39307224844937,-16.2387665652906
2001-09-21,-33.82576053720737,-21.744918349708463,37.188630585986914,-15.94797720375918
2001-09-22,-34.29528114885382,-20.904627394685903,38.035601128019806,-15.433786560999494
2001-09-23,-32.8701397744264,-20.663233868464,38.221765753094424,-14.998131991797251
2001-09-24,-32.6435849867034,-21.117185610379444,38.589773322417145,-14.647870504489104
2001-09-25,-35.079923045467346,-21.220794809529885,37.032692215247984,-13.916751744702715
2001-09-26,-35.167818196245996,-21.8635599947785,37.72902299483263,-13.963021359290877
2001-09-27,-33.971934907024455,-22.88477766257592,38.81376366326291,-14.934401407513793
2001-09-28,-33.687204222134284,-23.369434538232593,39.32819700987554,-15.023382904277124
2001-09-29,-33.75446742596387,-24.503916464549857,37.56569713762322,-15.240982029193603
2001-09-30,-33.96967611972114,-23.5613711171764,37.7225622779364,-15.588057462225892
2001-10-01,-33.15575813385499,-24.704277231343536,36.046729867369976,-15.321253237238539
2001-10-02,-30.112284690584403,-25.731834318519788,38.01565171203801,-14.065084262497408
2001-10-03,-31.401495203838355,-26.174628311891063,37.58207016190196,-15.564496852185968
2001-10-04,-30.0467342292607,-26.98386562289133,36.48671884079329,-15.980169249874274
2001-10-05,-28.470114466513113,-25.454892684429797,36.3429849084491,-15.158141364936581
2001-10-06,-28.644119954605703,-25.90188889037022,37.42498746767654,-14.212689973595296
2001-10-07,-28.858916999546842,-26.9995006035413,35.999346184055945,-13.827452705438382
2001-10-08,-30.744263448234225,-28.423241353216582,35.56930895534791,-14.521697268948548
2001-10-09,-29.326428755812124,-28.815889028108604,34.92240232569143,-13.29084682745406
2001-10-10,-29.293049536009487,-28.46189816745494,34.53630291859525,-13.324651367799662
2001-10-11,-28.472694074539586,-29.66753521348178,34.11826067952317,-12.842888993873332
2001-10-12,-29.233377987455732,-29.15403656651689,34.73773907783015,-13.753154425912069
2001-10-13,-28.461552810902585,-27.769128092633625,33.97178105467611,-13.66341738270902
2001-10-14,-28.21835434864533,-27.51718330142856,34.130874788367706,-14.161542762388398
2001-10-15,-27.770894089350758,-26.488714655415535,35.56538910816705,-12.983442938498758
2001-10-16,-27.604987680460887,-25.99237465160119,35.81184487684314,-13.961891391858659
2001-10-17,-29.592404710640178,-26.72720463171651,33.878886762407895,-13.352659934614262
2001-10-18,-27.75305433573847,-26.642000571929422,34.59436929287238,-14.058874954131795
2001-10-19,-29.00119017797124,-26.140245905807973,32.966469319824995,-14.771915514919176
2001-10-20,-30.181372878459488,-27.120437192053103,33.03853531808185,-14.413688496116555
2001-10-21,-28.819115562924456,-26.94112931743038,30.42374446692373,-13.495387233648191
2001-10-22,-29.469508423722036,-26.97147040415772,30.93054726063004,-12.352219293246167
2001-10-23,-29.938843892557017,-27.143852548531687,32.696605633776564,-11.899491796815234
2001-10-24,-29.95238582280743,-26.455390872360816,34.01369159792433,-7.305802600363476
2001-10-25,-29.355542516755133,-26.88419640464759,34.58256485672276,-8.137050015202385
2001-10-26,-31.06125187874797,-27.299699447773403,33.987499539336014,-7.001104230268851
2001-10-27,-31.810656277215624,-28.252794417713858,33.09593668471411,-8.66259702922625
2001-10-28,-31.29377421024378,-29.184465665003017,34.048818614963494,-10.212333738373879
2001-10-29,-32.897184205918904,-30.52111064473378,36.214799435531894,-10.015857816869271
2001-10-30,-32.08756947034249,-30.385350549830967,37.51121012267485,-10.246257417737972
2001-10-31,-31.516956657373342,-29.875408934418058,37.20685372644774,-11.132187539326726
2001-11-01,-31.7525917984467,-30.819887526215382,37.57756769990627,-10.331909179415836
2001-11-02,-31.8078083555915,-30.787704271240923,36.74757247779476,-9.370283669142077
2001-11-03,-32.197098217008794,-31.03998091245676,37.78526844391265,-9.460532772778041
2001-11-04,-32.06337935295361,-31.80087060734739,38.14633613823034,-9.277908601977037
2001-11-05,-32.20674909273502,-31.769332378476072,40.17342155306671,-8.61145485817555
2001-11-06,-32.59728159114491,-30.775537376397452,39.960081185137,-8.326874580426436
2001-11-07,-31.183303350846998,-30.536893378585212,40.13028856031157,-7.8272889725496775
2001-11-08,-32.36401445598501,-30.196881979993158,40.85537169946015,-7.539770444479648
2001-11-09,-33.1943406301777,-30.794814255202752,39.32533155344055,-6.078686604642393
2001-11-10,-32.428235111629604,-30.788953004064343,38.894413472474604,-5.974082817408955
2001-11-11,-31.800823159164686,-31.08004459171613,39.44266362358697,-6.00916634537921
2001-11-12,-31.743544835606386,-31.086048757200306,38.78202801805801,-7.053318575049088
2001-11-13,-32.99272054960279,-30.869318288030456,37.586074689533255,-7.72376740479693
2001-11-14,-30.652381575309597,-29.52328992143404,39.20092100376686,-7.382711794462226
2001-11-15,-31.28267046680426,-28.78602181327666,38.78458733834258,-6.892564614646778
2001-11-16,-31.51999254573962,-29.944421351509114,38.174458204499025,-6.689596281201252
2001-11-17,-31.096620715818613,-29.85409160358575,38.49189601738263,-6.577081971668615
2001-11-18,-32.074145159669314,-29.99677218687968,36.69008339409071,-5.962117292713836
2001-11-19,-32.074600904588856,-29.382378869343054,37.9474649318172,-5.523872652342823
2001-11-20,-31.950246740663253,-30.461051790673384,36.64319267287491,-5.436161314618717
2001-11-21,-33.72185185176896,-30.77458250970629,36.602307621400904,-5.730439547082613
2001-11-22,-33.09147742126291,-30.153867278345896,37.441063219390635,-5.533932709112487
2001-11-23,-35.19654652786582,-30.39570941479328,35.311310809430125,-4.959151311233341
2001-11-24,-35.511085388185755,-30.82120720767697,37.46005890098879,-6.329480202073363
2001-11-25,-35.33113644664005,-29.926404636586362,37.25247745992142,-6.895488187732077
2001-11-26,-33.53264027701216,-27.947498406757713,39.00468697974858,-7.245130404021319
2001-11-27,-33.495491852388,-27.641223189225144,37.63310674852361,-8.189417308862469
2001-11-28,-32.34293717949813,-28.41184342756049,38.68299053235402,-7.457936962613917
2001-11-29,-32.02812191734089,-29.647104847672278,38.769996927460376,-6.908656589727426
2001-11-30,-32.349102313219646,-30.06342309547209,40.87913502926253,-7.291616045510781
2001-12-01,-33.11212415020047,-29.63758958561994,38.062955469920915,-9.299874619744298
2001-12-02,-32.16747888085579,-29.62710585483467,39.27185548971958,-9.249825221666319
2001-12-03,-33.19505585706406,-30.026810913452163,38.462096916746894,-9.556390518210511
2001-12-04,-34.25836730754001,-30.875269158722254,39.16221679256814,-9.018869765691875
2001-12-05,-34.11623002751124,-29.30443371120167,39.76515754160584,-9.975915514719635
2001-12-06,-34.65941963802763,-27.67164572279243,38.96977936171991,-10.91377039807604
2001-12-07,-34.56157062303638,-28.05855822233777,38.376675016870635,-11.105877815987794
2001-12-08,-35.77220998277428,-28.921696868964197,38.83631566587655,-11.084912950006125
2001-12-09,-35.277705190154904,-27.675207385479343,37.60102496854348,-11.418046540799898
2001-12-10,-32.76534906880507,-29.61754901694977,36.735887797495195,-11.714842221317339
2001-12-11,-31.54393450728894,-29.1001500101309,37.60456574369201,-12.621227338749684
2001-12-12,-31.06639228187183,-28.434466144927253,37.34188284612076,-12.36912179864873
2001-12-13,-32.01437862861521,-29.844602212901584,37.65437446358213,-9.810132709553073
2001-12-14,-31.885745150815435,-28.275050700061918,38.90286694080336,-8.781870603523556
2001-12-15,-30.862725635806367,-29.208126335504097,40.76906147288579,-8.568097241650714
2001-12-16,-30.783033646984503,-29.049465957277096,40.59756239581036,-8.124338211109674
2001-12-17,-31.43464793170467,-31.130785900199967,40.41373796636567,-9.10513089662091
2001-12-18,-31.816931847525577,-31.047169557547154,41.21766473078771,-9.935243278386677
2001-12-19,-31.905705541318536,-29.87458501722356,40.67181055901918,-8.343651221949202
2001-12-20,-30.718853301007453,-28.9762348684668,39.238414693233054,-6.6185304386394295
2001-12-21,-31.31636002081573,-28.294460779754072,39.14787017910609,-7.227567487164224
2001-12-22,-32.16414245373549,-29.469010667055738,38.341527938876155,-6.016826569764267
2001-12-23,-31.698838583032618,-29.72193875265199,36.98000549823181,-4.6635783912123445
2001-12-24,-31.703393684306516,-30.907327837553098,36.34054622944988,-5.61649717439983
2001-12-25,-31.0233668888911,-30.90063337497315,36.67258580230411,-4.885442096019162
2001-12-26,-29.38447913619781,-31.14648034965609,37.369196968396764,-5.443809632133557
2001-12-27,-30.35873587494316,-31.385066545855352,36.464481588474975,-5.322589464275124
2001-12-28,-29.157909906297576,-32.36744390339247,34.53771743652755,-7.190361249024949
2001-12-29,-27.77229502752879,-31.90826250289348,32.71747539779287,-7.436669111582585
2001-12-30,-27.259605803192272,-31.87530798481741,33.38378769198346,-6.71780580799798
2001-12-31,-26.927015545500247,-31.460017006289593,30.933384148918496,-6.114500554599981
2002-01-01,-26.449417915993447,-29.431908640821884,31.818232057947714,-6.053854273391267
2002-01-02,-26.661609366943757,-29.432826783055052,31.968910184025138,-7.001876438144368
2002-01-03,-26.016996072305837,-29.937182664691488,31.43214936255717,-7.126395707065694
2002-01-04,-25.368626333614415,-29.96019680729604,30.522203125768126,-6.582206598188958
2002-01-05,-25.38810095188467,-29.500826637065547,29.2467235076888,-7.026414228974752
2002-01-06,-25.53673693821975,-28.204390462564643,28.90501923559712,-4.429949737146133
2002-01-07,-24.87573149212455,-26.25474729241224,29.02347762984449,-4.781374806305288
2002-01-08,-23.884290818725738,-26.5812579393465,30.651302975660787,-5.1969224543341275
2002-01-09,-24.922968517833446,-26.50876338417306,32.21249951877408,-5.777608856943756
2002-01-10,-25.828929603162997,-27.587263594163986,30.6134479629005,-6.8954881904299015
2002-01-11,-24.11439813988036,-27.53024348479136,30.87660848790114,-7.424853605578113
2002-01-12,-22.87198850517963,-27.862023934746016,30.244081964037075,-7.903338676790364
2002-01-13,-24.58945926833278,-28.543770342269475,31.49496879246051,-6.747542813399612
2002-01-14,-23.20758140932616,-28.274897689763055,30.516367985948182,-4.482994092232566
2002-01-15,-24.180308789197117,-27.20752738091569,31.246754391574015,-4.017652690092627
2002-01-16,-24.006861264942657,-27.16302709331378,32.12842323424388,-5.103206904912932
2002-01-17,-23.733982069028336,-28.512428968039526,31.52316920076462,-3.755542830954063
2002-01-18,-24.266165410734573,-27.94521832491519,32.136489942701985,-4.2931241551347235
2002-01-19,-24.80362312291631,-29.332871315527314,30.95836488218322,-3.5655936715954546
2002-01-20,-25.341309891102654,-30.96121260041743,32.07575154816747,-4.103921166285523
2002-01-21,-25.61468684496757,-31.12954354141085,33.370655572351026,-2.2045919160905623
2002-01-22,-27.121569083262877,-29.963149626671512,31.1774193557995,-1.479642836005882
2002-01-23,-27.958131284138425,-29.83680164273865,28.565006339831164,-1.6133593648905165
2002-01-24,-29.900959624130458,-29.79734137744349,27.57674240475892,-2.1241356713446122
2002-01-25,-29.419540631006104,-29.122401244391607,26.639742529568302,-3.745798446531623
2002-01-26,-30.92305237354743,-27.97850185124763,27.055320224847268,-0.39430556545356277
2002-01-27,-30.298436403838064,-28.61354552290201,28.703215465970782,0.1924218793586394
2002-01-28,-29.828033666940247,-29.017756186149985,27.759373753169672,-0.5114083874932748
2002-01-29,-29.712040679766197,-29.67812864976542,27.918678988127212,0.05521613030673467
2002-01-30,-29.234367634621282,-30.199658969434374,28.879024833449403,0.203573976653407
2002-01-31,-29.411313746804286,-29.74248289491456,27.33368947917991,-0.06635108343649174
2002-02-01,-29.16165239538587,-30.801677129278414,26.609267290664178,-0.12163137858882182
2002-02-02,-29.52759803534979,-30.211993173570203,29.012028720614033,-0.7149476554849901
2002-02-03,-29.743793031506172,-30.193392566979174,28.304116260379207,-0.8580155940104701
2002-02-04,-30.344959861238088,-30.03635155669518,29.380325129119406,-0.0023772474206558147
2002-02-05,-30.688490453557417,-32.09808208737902,31.047667260034327,0.3462771023161625
2002-02-06,-31.942970706312277,-30.79467248697615,32.28545832349075,0.6283290208989125
2002-02-07,-31.91230215392367,-32.0736521421101,32.089036783520946,1.733368235113544
2002-02-08,-32.0651015034465,-33.337096985590186,32.35669239500197,0.2472590441539766
2002-02-09,-33.302690919535074,-32.82370382437805,33.464165520815776,-0.9516969737203991
2002-02-10,-31.693967027400493,-31.75598159437672,33.57941418776979,-2.958836528194905
2002-02-11,-33.890681008881565,-31.235599851791935,33.44412243326345,-1.2171328821196659
2002-02-12,-34.25617179539344,-30.03374436731335,32.15225811813578,-1.836712096468307
2002-02-13,-33.60521479725357,-31.29801730529751,33.720790796396756,-0.10208262932536716
2002-02-14,-34.06733100682872,-31.66288479618503,32.88996949227018,1.2127151525471422
2002-02-15,-33.73280478370737,-30.6776256148626,33.2339457966741,0.7908153526182797
2002-02-16,-32.80788311523754,-30.465297284466065,33.92804183466273,-0.40438063252341805
2002-02-17,-33.17399390528036,-29.38615893544594,34.81249201107368,-1.186043564851171
2002-02-18,-32.608271538777714,-29.64219400826094,35.82414874262961,-0.5446336222591932
2002-02-19,-33.38579328293112,-31.846871091436462,36.52847930064227,-2.584220848004152
2002-02-20,-33.92657981406425,-32.18625396619281,35.541607885813725,-4.063768976848048
2002-02-21,-34.74414540320581,-32.19070947548078,35.44961308529892,-4.8190060442374465
2002-02-22,-36.01665173803512,-31.743821950993667,35.49237414491107,-4.819507813993976
2002-02-23,-36.657993335150856,-32.07259470168015,34.074130414456825,-3.8363368654242977
2002-02-24,-36.669493663204705,-32.6167762193807,34.76502801993148,-4.444358262884666
2002-02-25,-37.24909623220344,-31.79649391943893,34.26356776664627,-5.765174996269574
2002-02-26,-36.497142026107134,-33.059196659330034,35.24609122228897,-8.314419470428529
2002-02-27,-36.90214568355623,-33.00321980840577,35.32851453305869,-7.265189548762105
2002-02-28,-36.67234102590618,-31.526207310675396,36.52915216956452,-8.359352581627657
2002-03-01,-36.44499920418933,-32.17994489743281,37.46081965224584,-8.093471319763527
2002-03-02,-36.839223257867914,-30.772736536454282,36.96727400921994,-7.3826568471636795
2002-03-03,-36.76652794409192,-29.590953855732117,37.9287194494512,-7.857665118383347
2002-03-04,-33.69251542404336,-29.047893334486936,40.238127618147786,-7.926177764122033
2002-03-05,-33.301511992863674,-28.75926204328981,41.37004720399226,-8.983827053620589
2002-03-06,-32.95604910147016,-29.10287195114823,40.955243600256416,-9.3386402791813
2002-03-07,-30.758491381972387,-27.953539567532246,39.14086459576102,-8.610310281842223
2002-03-08,-31.19742679901759,-27.40266145251462,38.33716753225079,-9.317959532877973
2002-03-09,-32.23129703274407,-28.004756680188574,38.918104303642515,-9.127137671570289
2002-03-10,-32.048254276357014,-26.866302656913973,41.600567923266155,-9.017581598380518
2002-03-11,-31.190921896350755,-27.186426716466354,41.709621054045165,-9.196095305285207
2002-03-12,-30.980853335331123,-27.812446594188764,40.91693490502891,-9.476582145344072
2002-03-13,-30.61835273813755,-27.850712683696443,41.44870289300164,-10.467739630474389
2002-03-14,-31.060387018181686,-26.90883785075446,41.17732657363197,-10.187338091212064
2002-03-15,-31.889662098297798,-27.357245694935468,40.705785750190145,-10.999787977445779
2002-03-16,-31.410264277077715,-28.047914806263755,39.70725327019816,-11.369677478610972
2002-03-17,-31.57612108727823,-28.270791058366942,38.69082327054782,-10.825484147928009
2002-03-18,-30.97873794930748,-27.32079437387639,37.16613020065253,-10.00350339353695
2002-03-19,-31.464790566984753,-28.507122561769435,37.52551835024942,-10.923091549091628
2002-03-20,-31.97639733662166,-27.820709394530027,36.0172654976737,-13.878408159681019
2002-03-21,-35.02619161484343,-28.25363927082062,36.6180041698274,-14.723894166396615
2002-03-22,-34.62054214924366,-27.978728403583368,37.699630842470725,-13.877561111939414
2002-03-23,-34.98862987992898,-29.206273189759948,37.87589772972737,-14.406564253541957
2002-03-24,-36.093955132639415,-30.114655713604545,37.624604047082634,-13.399847651030884
2002-03-25,-35.23684206523931,-30.848734049052045,37.45848749041805,-15.02023064463166
2002-03-26,-36.00709074391672,-30.93038523225022,36.84264434063942,-15.398730911036544
2002-03-27,-34.530765031180785,-28.812265260389655,36.19011234212529,-14.6661790775459
2002-03-28,-36.61809948235533,-29.171495783963945,36.68111192468826,-15.797053658733512
2002-03-29,-37.95756964208217,-27.884201811283113,36.577936350377115,-15.202460154868023
2002-03-30,-37.65957583360965,-27.838875253808652,35.34741101379419,-16.40813733958957
2002-03-31,-38.251925857165226,-28.269357268602516,35.48316894656371,-14.339619839901724
2002-04-01,-37.7863471245021,-27.99103474026786,36.276580898347994,-14.353398546734311
2002-04-02,-36.854547665640325,-27.60450831396738,35.74821322268659,-14.634886013723793
2002-04-03,-37.29217287067443,-26.826028184367047,35.478907878430874,-13.686637729800914
2002-04-04,-36.32551247194224,-27.098467757709283,34.78284879267788,-15.411496977181962
2002-04-05,-35.890264975459914,-26.676461934360468,35.883358495678344,-15.665727457777509
2002-04-06,-35.68515368573894,-26.28342549694287,35.58051233255186,-15.666911039997073
2002-04-07,-35.10793477376609,-26.392151647792506,36.62500951035535,-14.493350587725525
2002-04-08,-35.3436612274468,-27.660818420663258,37.0486367318589,-14.444325068991457
2002-04-09,-33.606702597535254,-26.989540304635995,37.00729411592855,-16.11399333939878
2002-04-10,-34.68819152604876,-27.291539848354432,35.71020052292809,-12.949103812205813
2002-04-11,-32.79416644208267,-27.034319624832506,35.21117346387885,-12.073962352190055
2002-04-12,-32.50464849152685,-27.631084100754578,34.89784479635636,-11.939328538627391
2002-04-13,-32.020683913919605,-28.682768045824048,34.86081642296036,-11.496337969909929
2002-04-14,-32.67475400436735,-26.821199547894054,33.23407772861155,-10.472862156220673
2002-04-15,-32.83572587408539,-27.51607715087593,35.37818148170234,-10.328337160681645
2002-04-16,-33.12451541615838,-28.14760373852437,35.656127333099576,-9.06374514400827
2002-04-17,-33.821531338569294,-26.82856000587056,36.65163460585701,-6.747283396551413
2002-04-18,-33.87495595338791,-25.10998705966648,36.286488617360874,-5.444250218181767
2002-04-19,-32.37447598467792,-24.381754779451835,37.57449345359821,-5.084795001193689
2002-04-20,-30.985939167042943,-24.086926813915245,37.37619954845749,-5.0835728756698
2002-04-21,-31.38417756011559,-24.33002984256866,35.50318737849317,-4.137484645181007
2002-04-22,-31.81937176470165,-23.93762229093691,35.69755773974997,-3.2890917792234573
2002-04-23,-33.35310004646023,-24.298807562699114,35.513540153131004,-4.196625297612847
2002-04-24,-33.05641339386308,-23.161007702870627,36.21462007918021,-1.8286524770319588
2002-04-25,-32.73499541764547,-23.58508836994264,35.54047183447535,-2.9974655011286657
2002-04-26,-32.505634890529684,-23.483051989677953,35.85589510461792,-0.019613269522514187
2002-04-27,-33.12636327717594,-23.94028333977,34.53253003501836,-1.6494139430884125
2002-04-28,-32.67789396983258,-25.246138632847334,33.55608394272092,-1.764079288572566
2002-04-29,-32.135143694595556,-25.51653810418645,35.384235701742895,-0.35972120626085125
2002-04-30,-33.01401787106284,-23.14758620676382,34.968402440377076,-2.5513526863246065
2002-05-01,-32.87166571882763,-23.084373848190165,35.61716600418497,-1.7476228815516988
2002-05-02,-32.434409760762414,-22.669787019044062,35.15607415770143,-1.1502023279258697
2002-05-03,-32.8096667192391,-22.425570130194707,35.400662267615814,-2.3757836814120816
2002-05-04,-33.170694422416986,-24.52564495812499,35.74398551050075,-2.8620961900662496
2002-05-05,-33.16464520842948,-23.7244230339708,35.75904418627064,-2.818873203525754
2002-05-06,-33.34241964268842,-23.790834310776567,35.01109914941402,-1.2274618691962405
2002-05-07,-33.28095999952243,-23.785593206717426,35.04775225066997,-2.678486549016717
2002-05-08,-33.3095275601784,-23.50288276940754,35.3998883998806,-4.115432597388382
2002-05-09,-32.584378893437666,-25.254745554203367,35.81203639294979,-5.6902862855784395
2002-05-10,-33.310696179736176,-26.37269529478153,34.59083179446793,-6.295032864806299
2002-05-11,-32.732047678050016,-26.256219665098403,36.120201505888026,-6.5671372931274865
2002-05-12,-32.876158792883075,-25.746654992063267,36.23818827302469,-7.426387834130967
2002-05-13,-31.687758904252913,-25.841370138050916,35.927089825846274,-9.706662323328285
2002-05-14,-32.15695307556194,-26.121065672597357,34.47645543372422,-10.443119393256877
2002-05-15,-31.704824290323376,-25.439822515710272,34.07209907588672,-10.347415683804899
2002-05-16,-30.540856279548663,-25.37883352126653,31.201697478630447,-10.146577160331104
2002-05-17,-31.511366030683124,-25.89059926234384,32.1498431296856,-11.233210104104772
2002-05-18,-30.924166835733892,-26.38259320242802,33.2865568819868,-11.211668979809057
2002-05-19,-29.828523743763924,-27.402874151926472,35.27139187005749,-11.448061047181344
2002-05-20,-30.94104241060784,-26.3536863104812,33.39761021995918,-12.889174857282446
2002-05-21,-30.512334838221555,-26.032313312151977,33.571555133136634,-12.154175197403516
2002-05-22,-30.45342041435804,-25.38658455853662,33.27598736805775,-11.793227472788624
2002-05-23,-31.366446626827045,-24.566044936034757,33.02063958457783,-13.305448822068216
2002-05-24,-31.74944207964298,-24.74217614989257,33.32935869059196,-12.33211306608223
2002-05-25,-31.384623249899832,-24.83787430487808,32.27039381906219,-10.761509674380942
2002-05-26,-31.931449483402247,-23.305140355044955,33.981262060203086,-10.838037818578302
2002-05-27,-30.739767023275807,-22.211714666999132,34.62035858874885,-8.681985207044313
2002-05-28,-29.422021732805696,-22.285007812345945,33.22579046709996,-9.524899565265606
2002-05-29,-30.178185577267875,-21.78418473572903,34.2323440892085,-9.985866800856915
2002-05-30,-30.082929804109856,-22.63700861412613,34.0961845167671,-10.315334355300642
2002-05-31,-29.812888621887282,-22.116813567095864,35.83813217580844,-12.243517708808232
2002-06-01,-29.826680501350314,-22.252453589955515,35.563296295555354,-11.789649593239316
2002-06-02,-30.817209567436976,-20.64805051656188,36.393513714157365,-12.278109346149165
2002-06-03,-30.937255716180417,-20.963704792675244,36.41927700586933,-13.969969642940113
2002-06-04,-29.920049197652077,-20.852699704341344,35.07506485058568,-14.522761777142527
2002-06-05,-30.366336120650928,-20.48343733018775,35.03701164781167,-14.524435476823985
2002-06-06,-30.848970482285843,-20.608862763121532,35.89609039713096,-14.532215998369692
2002-06-07,-30.95542903206026,-20.24757227840361,36.08153059462275,-14.659578150579245
2002-06-08,-30.02148402677603,-19.647636922652993,35.63500826099341,-16.060940030931757
2002-06-09,-29.160607831791403,-17.524650198225466,37.47660282390566,-15.888704517135006
2002-06-10,-29.133960519199064,-18.934199476839176,37.17839760704236,-16.251187568447037
2002-06-11,-30.098591281625662,-16.965372864638642,37.339674457954445,-16.21873312473402
2002-06-12,-30.85624563937562,-18.308923524487867,35.15040147920869,-16.224538689573965
2002-06-13,-28.8047104117381,-18.062116122172608,35.20926397332109,-15.675647706022342
2002-06-14,-29.83818234741108,-16.70003043716398,35.79043112170063,-15.536699317913278
2002-06-15,-28.40459024260327,-17.71514560887625,35.86847806249474,-14.169171266482941
2002-06-16,-27.773380040613613,-16.748240451837926,33.75372928069059,-15.39055034993845
2002-06-17,-28.152911046460503,-16.714957612572622,33.230183860692634,-17.382242123473794
2002-06-18,-29.318478943194517,-17.620884248163364,34.27970446085424,-16.782418167052153
2002-06-19,-30.277808311200126,-17.727262054141768,32.49761877001444,-18.260380529821482
2002-06-20,-30.639272766000246,-17.049721611021422,30.996777011189284,-20.011840513924604
2002-06-21,-30.705015424638432,-17.426177154697545,31.641908466416016,-20.47390186280162
2002-06-22,-30.061827995665464,-16.376190561777033,33.23228999764314,-19.382881652718318
2002-06-23,-28.988697420288062,-18.605977274574904,32.10273109677904,-17.797245049205586
2002-06-24,-27.76769954553634,-18.923462927190897,34.35707467524938,-18.16023187566559
2002-06-25,-27.31697132132836,-17.985922997642373,33.957920337113805,-18.53134884853963
2002-06-26,-27.47900641672482,-17.976284288961637,33.1600370096377,-17.39003831986115
2002-06-27,-25.67067351268849,-17.254550347674645,34.36111583960775,-17.22160197569228
2002-06-28,-22.20843204026106,-15.92172380851768,33.06915139762576,-17.452712269077583
2002-06-29,-22.680187206212675,-15.324766286085064,33.10863698706612,-19.478997741926758
2002-06-30,-21.097723727770173,-14.061890894481094,35.19932149130597,-18.990994799926977
2002-07-01,-20.349386184542222,-15.262086561732012,36.21850502535595,-17.109612846687035
2002-07-02,-20.60565391910275,-15.82248720973402,34.18952999431235,-17.368318313778023
2002-07-03,-19.802582760240398,-15.600328372314658,34.79727092826462,-15.601042088780861
2002-07-04,-19.525261522753308,-13.950296292089373,33.1709075256948,-14.82866494143868
2002-07-05,-20.095762208092214,-13.427431786213942,32.62427005365729,-15.52280435493398
2002-07-06,-20.114929637221174,-11.55584582128963,34.47752303038088,-14.59535371302914
2002-07-07,-20.79861736907092,-11.933849889542923,32.50217468421936,-14.212461092240156
2002-07-08,-19.842513059279398,-12.47125024448173,33.28427097270954,-15.072327102761083
2002-07-09,-20.540284582385798,-12.071575559947664,32.46919938482671,-15.780540293187295
2002-07-10,-21.341677469463384,-12.493649522172333,33.065870318950054,-16.019683453153505
2002-07-11,-21.596882568748153,-12.799280841201472,32.50017447732151,-15.191298589661614
2002-07-12,-19.2831122759329,-13.073973771040844,31.811085506403902,-15.288419919958356
2002-07-13,-18.502551338777902,-13.311784478417893,34.098904536046916,-14.549033203225886
2002-07-14,-19.162263323973676,-12.924030915242378,34.299355803943804,-15.247716470390777
2002-07-15,-18.382670129992754,-12.222747908483246,34.057408388177315,-15.336601727930233
2002-07-16,-17.48622037988163,-11.637537588836647,35.75354783687758,-15.359347385060284
2002-07-17,-17.739548639885292,-12.4896749747728,35.78666317555292,-13.7857049366219
2002-07-18,-17.43873177293392,-11.604633924454271,34.729207480709135,-13.692626189853534
2002-07-19,-16.011138019619402,-12.132641197846874,35.193194395695194,-13.924933786831115
2002-07-20,-14.398288760063476,-11.73314688027506,35.38582779612292,-14.392318799872013
2002-07-21,-16.09092126721783,-11.866427933660255,35.56512777668393,-14.376300498345962
2002-07-22,-17.04359786624601,-11.42310607850184,36.32711336190042,-15.385694857972625
2002-07-23,-17.84224380713211,-11.839792761879487,35.23084023235221,-16.517077279960002
2002-07-24,-18.358316764177978,-11.719292634598043,33.88268378340726,-16.117729790971218
2002-07-25,-18.805184757184573,-10.566225226922631,34.470242839236356,-15.951803048862121
2002-07-26,-18.65843059428451,-8.22016120843498,35.2358741673866,-14.635292085304352
2002-07-27,-17.802209302812138,-7.229042977585556,35.19694259734643,-15.60694655152502
2002-07-28,-19.47431281685544,-5.655003204286343,34.59423286740751,-16.91189368141424
2002-07-29,-19.762952697954084,-8.75347913117438,33.708417386179484,-15.68490028794085
2002-07-30,-19.354805901839686,-10.898272055455578,34.438080317264955,-13.882018878125747
2002-07-31,-19.75890552749589,-9.632639295908133,35.976125402576685,-13.168894723891677
2002-08-01,-18.830353212030506,-10.80408602241496,35.57325225891506,-13.616106329812428
2002-08-02,-17.90979189759181,-10.419020585213786,35.14694524505344,-13.936982973376551
2002-08-03,-18.806488663267796,-9.773233090899161,35.27180401901349,-12.379292906289633
2002-08-04,-17.72192740184746,-9.629618628150642,35.696860660341855,-12.672190809191717
2002-08-05,-17.310970471714676,-9.17872629192176,34.20031241682367,-12.425977431810743
2002-08-06,-17.588143256536487,-8.380654491372903,35.5673942686197,-11.928902015377385
2002-08-07,-17.67549079203877,-7.437430531578167,34.578864887960954,-11.949932395478049
2002-08-08,-19.911993148821434,-9.373125359045845,35.015732133836416,-14.295307596136542
2002-08-09,-19.520785214297295,-8.907262743643694,36.10172008767194,-14.502123093664636
2002-08-10,-22.308648861871006,-7.827304142007999,36.32840740832564,-14.138759425025066
2002-08-11,-22.311373230724076,-7.750244279544375,37.822604255242176,-12.037648725493659
2002-08-12,-21.35848542107465,-6.0822401081463315,39.556549735493945,-11.333708098288035
2002-08-13,-21.581478578335915,-6.406512654793377,38.45206641575977,-11.411446296121424
2002-08-14,-21.11555132352695,-5.919849462393324,39.23891814524143,-11.358734115457661
2002-08-15,-22.007135170425705,-5.720819962134956,38.84192469246832,-11.704800218724051
2002-08-16,-20.809312421701904,-6.19663444026772,40.3531418444711,-10.759886993437373
2002-08-17,-21.38799235011767,-5.349823707847361,38.752570436129794,-12.013261238379814
2002-08-18,-21.438211083175318,-5.155884793677452,38.36168369958609,-12.332116213392199
2002-08-19,-20.82028417154221,-3.9316329025826344,38.407270398157436,-12.813848208481565
2002-08-20,-20.229722350947203,-4.464642820015056,40.13356091602662,-13.263060745304344
2002-08-21,-20.979674661156945,-5.5478675371402755,40.37633005790805,-12.472541069925603
2002-08-22,-21.268114684870955,-6.048634866799428,40.30305502801251,-13.286038587173756
2002-08-23,-22.32715145401832,-6.659096262055573,40.32344087997963,-12.142298737858528
2002-08-24,-23.727642759585986,-5.399523876424482,39.86951341465794,-11.110174010595822
2002-08-25,-24.188457854693972,-3.859618967098287,41.39592571630056,-12.50833689708928
2002-08-26,-23.827481975075393,-4.270868252177937,40.684590322025436,-12.608592986303416
2002-08-27,-22.763429823971343,-5.502382828654308,40.75802802040534,-12.623965334610157
2002-08-28,-21.889276070522435,-5.681420321757924,42.207185399794824,-12.714333690571584
2002-08-29,-21.343461106880323,-6.293899403545315,42.16311723614353,-14.226477181990163
2002-08-30,-19.687914756389155,-7.600152112706674,40.391576602959084,-12.789728793413591
2002-08-31,-18.26946184200644,-7.687030858868207,39.23498354461779,-12.530963320756578
2002-09-01,-16.36925734970905,-9.125071957359737,40.197724571781734,-11.916223201653052
2002-09-02,-16.16063846667339,-9.984609085822704,41.26871404306729,-11.480728457886565
2002-09-03,-16.620960383325574,-8.928099011553215,43.097859626213676,-11.452703585963809
2002-09-04,-17.36281251494783,-9.700044214030907,44.302930647545935,-9.66727427094894
2002-09-05,-17.32265615582243,-7.809714449834558,43.01425006867957,-9.751767825571942
2002-09-06,-15.983227114714781,-5.814639113126651,40.56837018036896,-9.54681731924037
2002-09-07,-17.26944539244285,-6.3384063986636345,40.987088995334936,-10.944089672751264
2002-09-08,-19.001920350519004,-5.561342455135697,40.287527750760724,-10.11561962084862
2002-09-09,-17.87246635202302,-4.618314567351503,39.99565653324416,-11.035140225189798
2002-09-10,-18.6444929145605,-3.3441271715011673,40.79305098017289,-9.942597249899435
2002-09-11,-20.113219000724563,-3.7837265062317993,41.2838920522429,-10.20056664375599
2002-09-12,-19.027397554169212,-2.6973226403772954,41.51959043169069,-10.120462424226742
2002-09-13,-20.506834350361334,-4.894350845616444,40.711703483755294,-10.772252153565383
2002-09-14,-18.966096951868753,-3.5397636830828576,40.79724392707027,-10.859029936144712
2002-09-15,-19.294946929652124,-2.8605460116278483,42.59494309007574,-10.032852577008658
2002-09-16,-19.68238621160295,-2.9033866064277163,40.713947519320875,-11.44919144518104
2002-09-17,-18.955293376723038,-2.7171278302447925,41.566283347092586,-12.542708123910526
2002-09-18,-19.604147103197597,-2.3923603896303343,40.87799921657406,-11.697108587697237
2002-09-19,-18.641581137082333,-2.5095857331049207,41.77661256919877,-11.878582693450713
2002-09-20,-19.16374119539706,-2.4088195392198353,41.40106343944922,-11.767317162548428
2002-09-21,-19.41772127266519,-1.5989108786357207,42.343458385047306,-10.900837451512173
2002-09-22,-19.206381364145976,-2.185617403153656,42.84835699862934,-10.916237567408103
2002-09-23,-19.54244794702365,-2.479753978606483,42.88803502851086,-12.097163104984526
2002-09-24,-19.639177115985646,-1.7404164109612865,42.814995103769625,-11.710830552719619
2002-09-25,-19.485276490496513,-3.114196935033971,41.41092117105916,-14.867381214306397
2002-09-26,-19.271793003820576,-2.501128329914603,40.957068364291416,-14.992448379042926
